symbol,Date,Open,High,Low,Close,Volume
AA,2026-09-02,50.779998779296875,51.560001373291016,50.45000076293945,51.301700592041016,1212437
AAL,2026-09-02,13.199999809265137,13.359999656677246,13.0600004196167,13.194999694824219,19343322
AAPL,2026-09-02,326.9700012207031,328.3999938964844,323.5299987792969,327.0299987792969,11905619
ABEV,2026-09-02,2.9200000762939453,3.0299999713897705,2.9200000762939453,3.009999990463257,12765087
ACHR,2026-09-02,5.559999942779541,5.650000095367432,5.510000228881836,5.605000019073486,5709995
ACN,2026-09-02,186.30999755859375,190.0449981689453,185.44000244140625,186.13999938964844,917455
ADBE,2026-09-02,283.5,287.489990234375,281.510009765625,281.6400146484375,1116225
ADM,2026-09-02,84.6500015258789,85.91999816894531,83.05010223388672,85.79000091552734,875711
ADT,2026-09-02,7.409999847412109,7.510000228881836,7.34499979019165,7.480000019073486,1081684
AEO,2026-09-02,16.649999618530273,16.94499969482422,16.469999313354492,16.770000457763672,888699
AES,2026-09-02,14.75,14.800000190734863,14.75,14.789999961853027,2779766
AFRM,2026-09-02,69.38999938964844,74.2699966430664,69.24199676513672,73.48500061035156,2155748
AG,2026-09-02,20.479999542236328,21.079999923706055,20.399999618530273,20.864999771118164,4111024
AGNC,2026-09-02,10.640000343322754,10.649999618530273,10.569999694824219,10.569999694824219,4524914
AI,2026-09-02,10.300000190734863,10.579999923706055,10.280099868774414,10.391300201416016,1173817
AMAT,2026-09-02,443.5,443.5,433.57000732421875,438.0899963378906,2154396
AMC,2026-09-02,2.569999933242798,2.7200000286102295,2.569999933242798,2.6612000465393066,7367748
AMCR,2026-09-02,46.0,46.86000061035156,45.959999084472656,46.6150016784668,487429
AMD,2026-09-02,458.45001220703125,462.2099914550781,452.3699951171875,459.17999267578125,5674666
AMZN,2026-09-02,254.2550048828125,256.239990234375,253.39999389648438,255.22999572753906,9129324
ANET,2026-09-02,188.0,189.88999938964844,184.8000030517578,186.5399932861328,1428429
APA,2026-09-02,43.875999450683594,44.650001525878906,43.69129943847656,44.650001525878906,1342330
APH,2026-09-02,160.05999755859375,162.31790161132812,155.41000366210938,160.61000061035156,2112837
APLD,2026-09-02,23.95400047302246,24.469999313354492,23.829999923706055,24.030000686645508,4302270
APP,2026-09-02,307.5400085449219,314.0899963378906,305.6700134277344,313.5899963378906,1185854
AR,2026-09-02,39.599998474121094,39.92499923706055,39.47999954223633,39.89189910888672,673935
ASTS,2026-09-02,58.32500076293945,62.880001068115234,58.0,61.060001373291016,10711652
AUR,2026-09-02,5.449999809265137,5.579999923706055,5.400000095367432,5.574999809265137,6787980
AVGO,2026-09-02,369.67999267578125,371.0400085449219,364.6499938964844,370.9200134277344,7243054
AVTR,2026-09-02,14.220000267028809,14.739999771118164,14.244999885559082,14.614999771118164,1771566
B,2026-09-02,43.91999816894531,44.92499923706055,43.902000427246094,44.029998779296875,2947900
BA,2026-09-02,207.0,210.64999389648438,206.4199981689453,209.5500030517578,1979772
BABA,2026-09-02,112.5199966430664,113.06999969482422,111.87999725341797,112.0999984741211,3079278
BAC,2026-09-02,62.279998779296875,63.54999923706055,61.939998626708984,62.98500061035156,8997049
BAX,2026-09-02,25.549999237060547,26.045000076293945,25.479999542236328,25.895000457763672,1169547
BB,2026-09-02,7.840000152587891,7.849999904632568,7.610000133514404,7.65500020980835,3010072
BBAI,2026-09-02,2.930000066757202,3.01990008354187,2.930000066757202,2.9649999141693115,5065363
BBD,2026-09-02,3.390000104904175,3.4649999141693115,3.384999990463257,3.450000047683716,21275198
BBWI,2026-09-02,18.40999984741211,18.969999313354492,18.389999389648438,18.889999389648438,1317313
BCS,2026-09-02,26.149999618530273,26.334999084472656,25.975000381469727,26.190000534057617,2180890
BE,2026-09-02,210.0,213.0800018310547,204.3000030517578,208.8000030517578,3585776
BKR,2026-09-02,63.02000045776367,64.8499984741211,62.709999084472656,64.83499908447266,1295129
BMNR,2026-09-02,23.09000015258789,23.540000915527344,22.81049919128418,23.149999618530273,12466020
BMY,2026-09-02,66.81500244140625,67.70999908447266,66.7500991821289,66.98999786376953,1724458
BP,2026-09-02,43.61000061035156,44.13999938964844,43.525001525878906,44.06380081176758,4178766
BSX,2026-09-02,47.90999984741211,49.65999984741211,47.90999984741211,49.46500015258789,4270684
BTG,2026-09-02,5.320000171661377,5.46999979019165,5.300000190734863,5.4095001220703125,15675458
BULL,2026-09-02,9.015000343322754,9.100000381469727,8.84000015258789,8.96500015258789,4514756
C,2026-09-02,133.8000030517578,136.1999969482422,132.69500732421875,134.97999572753906,2973457
CAG,2026-09-02,16.15999984741211,16.344999313354492,16.059999465942383,16.30500030517578,2138804
CARR,2026-09-02,57.2599983215332,57.569698333740234,56.4379997253418,57.45000076293945,1261203
CCL,2026-09-02,23.6200008392334,23.920000076293945,23.450000762939453,23.5049991607666,6958682
CDE,2026-09-02,20.670000076293945,21.43000030517578,20.670000076293945,21.139999389648438,9575641
CELH,2026-09-02,30.75,31.670000076293945,30.610000610351562,31.450000762939453,1582961
CHWY,2026-09-02,23.219999313354492,24.030000686645508,23.239999771118164,24.0049991607666,1670816
CIFR,2026-09-02,14.302000045776367,14.78909969329834,14.180000305175781,14.539999961853027,8782505
CLF,2026-09-02,11.640000343322754,12.37559986114502,11.630000114440918,12.1899995803833,5109534
CLSK,2026-09-02,10.862000465393066,11.100000381469727,10.770000457763672,10.958999633789062,3234091
CMCSA,2026-09-02,26.459999084472656,27.114999771118164,26.459999084472656,27.030000686645508,4303990
CMG,2026-09-02,37.689998626708984,38.8650016784668,37.689998626708984,38.72999954223633,3743352
CNC,2026-09-02,65.4000015258789,66.96499633789062,65.4000015258789,66.93499755859375,1047791
CNH,2026-09-02,12.460000038146973,13.3100004196167,12.390000343322754,13.274999618530273,13544301
CNP,2026-09-02,39.459999084472656,39.654998779296875,39.07099914550781,39.625,774201
CNQ,2026-09-02,51.41999816894531,51.89899826049805,51.22999954223633,51.744998931884766,1643562
CNXC,2026-09-02,31.799999237060547,33.439998626708984,31.6200008392334,31.68000030517578,316822
COIN,2026-09-02,174.3000030517578,178.72210693359375,172.02999877929688,176.5800018310547,2228055
COLD,2026-09-02,14.760000228881836,14.770000457763672,14.555000305175781,14.625,443450
COMP,2026-09-02,10.359999656677246,10.520000457763672,10.255399703979492,10.444999694824219,4741026
COP,2026-09-02,134.9600067138672,136.82009887695312,134.64999389648438,136.82009887695312,1632430
CORZ,2026-09-02,15.880000114440918,16.149999618530273,15.71500015258789,15.885000228881836,2233117
CPB,2026-09-02,23.799999237060547,23.959999084472656,23.719999313354492,23.854999542236328,1446614
CPNG,2026-09-02,15.670000076293945,16.129899978637695,15.670000076293945,16.010099411010742,2521725
CPRT,2026-09-02,32.375,32.48500061035156,31.893999099731445,32.380001068115234,1128019
CRCL,2026-09-02,87.75499725341797,89.5,85.87000274658203,88.20999908447266,4167699
CRGY,2026-09-02,13.960000038146973,14.4399995803833,13.901800155639648,14.425000190734863,1291517
CRM,2026-09-02,259.3800048828125,264.5,253.93699645996094,254.47169494628906,4734489
CRSP,2026-09-02,57.130001068115234,58.96269989013672,55.59189987182617,55.93000030517578,322576
CRWD,2026-09-02,214.34500122070312,214.85000610351562,203.5800018310547,204.41000366210938,4982115
CRWV,2026-09-02,80.0999984741211,82.52999877929688,79.8499984741211,80.56729888916016,6161737
CSCO,2026-09-02,110.31500244140625,110.51000213623047,108.56999969482422,109.33000183105469,2922092
CSX,2026-09-02,48.83000183105469,48.849998474121094,47.91999816894531,48.51499938964844,3246905
CVE,2026-09-02,32.790000915527344,33.099998474121094,32.5,32.744998931884766,1377566
CVX,2026-09-02,210.49000549316406,212.72000122070312,209.4600067138672,211.8800048828125,2770920
CZR,2026-09-02,29.670000076293945,29.719999313354492,29.65999984741211,29.71500015258789,271756
DAL,2026-09-02,77.5,79.1500015258789,77.0000991821289,78.30000305175781,2162024
DELL,2026-09-02,462.04998779296875,483.9396057128906,432.2651062011719,450.2799987792969,17271861
DIS,2026-09-02,106.70999908447266,108.98999786376953,106.50499725341797,108.7300033569336,1929867
DKNG,2026-09-02,23.940000534057617,24.8700008392334,23.77669906616211,24.399200439453125,3381698
DNN,2026-09-02,3.25,3.3299999237060547,3.2049999237060547,3.2100000381469727,8753321
DOC,2026-09-02,20.719999313354492,20.920000076293945,20.6200008392334,20.725000381469727,656873
DOW,2026-09-02,30.260000228881836,31.459999084472656,30.260000228881836,31.329999923706055,2218961
DVN,2026-09-02,48.41999816894531,49.040000915527344,48.25,48.869998931884766,2096779
DXCM,2026-09-02,90.02999877929688,91.9000015258789,89.87999725341797,90.41999816894531,557726
EBAY,2026-09-02,104.63999938964844,106.27999877929688,104.10250091552734,104.33000183105469,769368
ELAN,2026-09-02,23.969999313354492,24.90999984741211,23.8700008392334,24.700000762939453,1281381
EMR,2026-09-02,148.00999450683594,150.60000610351562,146.35000610351562,149.91000366210938,607699
ENPH,2026-09-02,35.599998474121094,36.099998474121094,34.7400016784668,34.75,1549515
EOSE,2026-09-02,3.4100000858306885,3.5,3.2100000381469727,3.4398999214172363,37593946
EQT,2026-09-02,55.11000061035156,55.68000030517578,54.939998626708984,55.65999984741211,1775916
EQX,2026-09-02,12.539999961853027,12.869999885559082,12.529999732971191,12.59000015258789,2954144
ERIC,2026-09-02,9.960000038146973,10.045000076293945,9.920000076293945,10.03499984741211,3831935
ET,2026-09-02,21.399999618530273,21.5,21.229999542236328,21.489999771118164,2437857
EXC,2026-09-02,43.689998626708984,43.869998931884766,43.2400016784668,43.869998931884766,3363035
EXK,2026-09-02,10.680000305175781,11.09000015258789,10.430000305175781,10.795000076293945,4477076
EXTR,2026-09-02,21.790000915527344,22.014999389648438,21.65999984741211,21.950000762939453,224990
F,2026-09-02,13.880000114440918,14.199999809265137,13.830100059509277,13.85990047454834,20173287
FCX,2026-09-02,73.04000091552734,75.63999938964844,73.11479949951172,73.57350158691406,4345290
FE,2026-09-02,46.13999938964844,46.11000061035156,45.540000915527344,45.939998626708984,658768
FHN,2026-09-02,24.15999984741211,24.7450008392334,24.1200008392334,24.485000610351562,653876
FIG,2026-09-02,26.780000686645508,27.239999771118164,26.18000030517578,26.299999237060547,4108587
FLNC,2026-09-02,10.329999923706055,10.479999542236328,10.234999656677246,10.425000190734863,2066969
FNB,2026-09-02,18.0,18.409000396728516,17.964000701904297,18.274999618530273,828892
FOX,2026-09-02,59.11000061035156,60.93000030517578,59.11000061035156,60.41999816894531,212387
FSM,2026-09-02,12.079999923706055,12.390000343322754,12.039999961853027,12.140000343322754,1624492
GAP,2026-09-02,21.969999313354492,22.434999465942383,21.6299991607666,22.219999313354492,2468024
GFS,2026-09-02,44.41999816894531,44.529998779296875,43.16999816894531,43.904998779296875,1014795
GGB,2026-09-02,4.809999942779541,5.010000228881836,4.809999942779541,4.965000152587891,3006955
GILD,2026-09-02,150.0,152.5399932861328,149.39999389648438,149.7100067138672,1365948
GIS,2026-09-02,41.220001220703125,41.29999923706055,40.79999923706055,41.16999816894531,1274443
GLXY,2026-09-02,23.06999969482422,23.770000457763672,22.81999969482422,23.53890037536621,820235
GM,2026-09-02,85.63999938964844,86.63999938964844,84.44499969482422,84.62000274658203,1741192
GME,2026-09-02,18.829999923706055,19.04050064086914,18.753299713134766,18.79990005493164,1770306
GOOG,2026-09-02,330.6449890136719,336.510009765625,329.5201110839844,333.3949890136719,5441982
GOOGL,2026-09-02,334.05999755859375,340.0,332.82000732421875,337.010009765625,8827142
GRAB,2026-09-02,3.4600000381469727,3.509999990463257,3.450000047683716,3.484999895095825,8240765
GS,2026-09-02,1009.739990234375,1021.843017578125,1002.0,1004.4550170898438,648097
GT,2026-09-02,6.0,6.239999771118164,5.960000038146973,6.170100212097168,2429686
HAL,2026-09-02,36.5,37.77000045776367,36.43190002441406,37.7599983215332,2576816
HBAN,2026-09-02,16.540000915527344,17.030000686645508,16.502500534057617,16.915000915527344,8119996
HBM,2026-09-02,27.579999923706055,28.030000686645508,27.184999465942383,27.2450008392334,835528
HIMS,2026-09-02,28.329999923706055,29.360000610351562,28.149999618530273,28.864999771118164,3132823
HL,2026-09-02,19.579999923706055,20.5,19.579999923706055,20.344999313354492,8585365
HLN,2026-09-02,9.949999809265137,10.024999618530273,9.930000305175781,9.979999542236328,6631369
HMY,2026-09-02,19.540000915527344,19.844999313354492,19.43000030517578,19.450000762939453,3399428
HOOD,2026-09-02,103.72000122070312,107.45999908447266,101.88999938964844,105.5999984741211,7823857
HPE,2026-09-02,51.9900016784668,52.109500885009766,49.79999923706055,50.462398529052734,15496907
HPQ,2026-09-02,31.6299991607666,32.165000915527344,31.1299991607666,31.549999237060547,4516149
HST,2026-09-02,21.68000030517578,21.985000610351562,21.68000030517578,21.94499969482422,1721715
HTZ,2026-09-02,2.265000104904175,2.430000066757202,2.242000102996826,2.3801000118255615,11955465
HUT,2026-09-02,76.71499633789062,78.37999725341797,75.9000015258789,76.76000213623047,989736
IAG,2026-09-02,19.8799991607666,20.43000030517578,19.75,20.135000228881836,1821058
IBM,2026-09-02,230.5449981689453,231.89999389648438,229.10000610351562,230.6199951171875,1010272
IBRX,2026-09-02,8.0,8.279999732971191,7.755000114440918,7.840000152587891,2981459
INFY,2026-09-02,12.050000190734863,12.130000114440918,11.930000305175781,11.954999923706055,2783663
INTC,2026-09-02,88.75,90.3499984741211,87.5,89.83000183105469,27007586
IONQ,2026-09-02,37.41999816894531,38.22999954223633,36.86000061035156,37.720001220703125,5732755
IOT,2026-09-02,38.915000915527344,38.880001068115234,36.970001220703125,37.20000076293945,1909744
IQ,2026-09-02,0.9100000262260437,0.9387000203132629,0.8960000276565552,0.9165999889373779,3813211
IREN,2026-09-02,35.79499816894531,37.83000183105469,35.7599983215332,37.537601470947266,14645410
ISRG,2026-09-02,369.0,382.4100036621094,368.25,379.6449890136719,525479
ITUB,2026-09-02,7.829999923706055,8.130000114440918,7.800000190734863,8.119999885559082,11143563
JD,2026-09-02,27.704999923706055,28.024999618530273,27.700000762939453,28.010000228881836,2467350
JHX,2026-09-02,28.540000915527344,28.700000762939453,28.170000076293945,28.225000381469727,1558813
JNJ,2026-09-02,274.739990234375,281.07000732421875,273.7601013183594,274.7950134277344,3180821
JOBY,2026-09-02,6.715000152587891,6.909999847412109,6.630000114440918,6.804999828338623,7946133
JPM,2026-09-02,357.54998779296875,361.4700012207031,355.375,358.45001220703125,1415603
KDP,2026-09-02,32.13999938964844,32.935001373291016,31.93000030517578,32.869998931884766,1795104
KEY,2026-09-02,21.34000015258789,21.989999771118164,21.329999923706055,21.795000076293945,2891941
KGC,2026-09-02,30.165000915527344,30.80500030517578,29.9950008392334,30.065000534057617,3038047
KHC,2026-09-02,26.100000381469727,26.325000762939453,25.84000015258789,26.2450008392334,4163187
KMI,2026-09-02,32.040000915527344,32.040000915527344,31.540000915527344,32.0,1776055
KMX,2026-09-02,60.810001373291016,62.185001373291016,60.84000015258789,61.40999984741211,353448
KO,2026-09-02,87.8949966430664,88.86000061035156,87.7300033569336,88.58999633789062,3254276
KVUE,2026-09-02,18.760000228881836,18.94499969482422,18.75,18.8700008392334,4573368
KVYO,2026-09-02,20.170000076293945,20.915000915527344,20.170000076293945,20.239999771118164,1235680
LCID,2026-09-02,4.550000190734863,4.730000019073486,4.5,4.715000152587891,3427657
LI,2026-09-02,11.779999732971191,11.84000015258789,11.720000267028809,11.829999923706055,984421
LRCX,2026-09-02,291.5,292.18951416015625,284.3999938964844,287.3999938964844,1742831
LTM,2026-09-02,50.9900016784668,51.84000015258789,50.619998931884766,51.560001373291016,213315
LULU,2026-09-02,118.55000305175781,122.20999908447266,118.55000305175781,120.42749786376953,1294977
LUMN,2026-09-02,6.429999828338623,6.849999904632568,6.400000095367432,6.789999961853027,5177427
LUNR,2026-09-02,14.800000190734863,15.149499893188477,14.75,14.84000015258789,1982385
LUV,2026-09-02,38.619998931884766,39.04999923706055,38.20000076293945,38.65999984741211,1377232
LYB,2026-09-02,64.62999725341797,67.05999755859375,64.81999969482422,67.03500366210938,568445
LYFT,2026-09-02,16.81999969482422,17.239999771118164,16.709999084472656,17.145000457763672,2224350
M,2026-09-02,22.100000381469727,22.770000457763672,22.139999389648438,22.2450008392334,1954476
MAC,2026-09-02,23.709999084472656,23.709999084472656,23.350000381469727,23.520000457763672,601780
MARA,2026-09-02,10.010000228881836,10.329999923706055,9.989999771118164,10.175000190734863,9206869
MBLY,2026-09-02,8.390000343322754,8.59000015258789,8.319999694824219,8.550000190734863,1024013
MDLZ,2026-09-02,61.68000030517578,62.45000076293945,61.290000915527344,62.349998474121094,1609140
MDT,2026-09-02,92.25,94.6050033569336,91.47000122070312,94.33499908447266,3250724
META,2026-09-02,579.5499877929688,600.3800048828125,577.0,593.1500244140625,7934311
MIR,2026-09-02,15.420000076293945,15.760000228881836,15.319999694824219,15.369999885559082,927119
MO,2026-09-02,69.5999984741211,69.8550033569336,68.30999755859375,69.69000244140625,3491970
MP,2026-09-02,53.70500183105469,55.192501068115234,53.52000045776367,54.125,1271887
MRK,2026-09-02,151.5,152.69000244140625,149.97000122070312,150.4949951171875,2254128
MRNA,2026-09-02,151.47999572753906,156.41510009765625,147.1999969482422,148.84750366210938,8350363
MRVL,2026-09-02,205.5500030517578,208.49000549316406,203.5,205.922607421875,7462156
MS,2026-09-02,211.97000122070312,216.14999389648438,211.39999389648438,213.1699981689453,986598
MSFT,2026-09-02,500.1700134277344,500.2699890136719,495.29998779296875,495.5,5383062
MSTR,2026-09-02,123.3499984741211,124.66000366210938,121.38009643554688,122.12000274658203,7787147
MU,2026-09-02,930.8250122070312,957.4899291992188,927.1569213867188,943.2999877929688,10950093
NBIS,2026-09-02,195.51699829101562,203.05999755859375,195.1999969482422,200.10000610351562,4333669
NCLH,2026-09-02,15.630000114440918,15.920000076293945,15.579999923706055,15.6850004196167,4181231
NEE,2026-09-02,82.55999755859375,83.04570007324219,82.05000305175781,82.66999816894531,2320406
NEM,2026-09-02,124.97000122070312,127.11750030517578,124.19000244140625,124.20999908447266,2247595
NFLX,2026-09-02,80.54000091552734,83.12000274658203,80.30000305175781,82.37999725341797,7878911
NIO,2026-09-02,3.9200000762939453,3.969899892807007,3.859999895095825,3.8798999786376953,31283228
NKE,2026-09-02,38.05500030517578,38.72999954223633,38.0099983215332,38.42499923706055,9907810
NLY,2026-09-02,22.68000030517578,22.75,22.59000015258789,22.618999481201172,1673608
NOK,2026-09-02,9.975000381469727,9.949999809265137,9.729999542236328,9.829500198364258,26841811
NU,2026-09-02,14.520000457763672,15.40999984741211,14.430000305175781,15.385000228881836,27155564
NVDA,2026-09-02,218.78500366210938,227.0,218.47999572753906,226.8668975830078,69330762
NVO,2026-09-02,46.04999923706055,46.939998626708984,45.90999984741211,46.584999084472656,4766953
NWL,2026-09-02,6.0,6.085000038146973,5.945000171661377,6.070000171661377,1871535
NXE,2026-09-02,9.949999809265137,10.3100004196167,9.930000305175781,10.050000190734863,1638098
O,2026-09-02,61.560001373291016,61.68000030517578,60.869998931884766,61.41999816894531,1859870
OKLO,2026-09-02,38.040000915527344,39.349998474121094,37.7599983215332,38.3650016784668,2841459
ON,2026-09-02,72.86000061035156,74.13999938964844,71.65570068359375,73.97000122070312,1401287
ONDS,2026-09-02,7.070000171661377,7.440000057220459,7.039999961853027,7.375,29294352
ONON,2026-09-02,27.68000030517578,27.979999542236328,27.559999465942383,27.825000762939453,1723812
OPEN,2026-09-02,3.0399999618530273,3.125,3.009999990463257,3.0899999141693115,10216425
ORCL,2026-09-02,140.25999450683594,146.20680236816406,139.72000122070312,144.5500030517578,8962576
OSCR,2026-09-02,30.0,30.3700008392334,29.375,30.19099998474121,1689426
OWL,2026-09-02,11.600000381469727,11.9399995803833,11.529999732971191,11.755000114440918,13883628
OXY,2026-09-02,60.439998626708984,60.875,60.13999938964844,60.801998138427734,1832307
PAA,2026-09-02,25.860000610351562,25.969999313354492,25.440000534057617,25.834999084472656,797815
PAAS,2026-09-02,51.13999938964844,52.7156982421875,51.060001373291016,51.08000183105469,2015098
PANW,2026-09-02,346.17999267578125,350.6700134277344,327.25,330.7900085449219,5388090
PATH,2026-09-02,18.190000534057617,18.43000030517578,17.790000915527344,17.829999923706055,14932049
PBR,2026-09-02,20.209999084472656,20.905000686645508,20.1200008392334,20.864999771118164,8045127
PCAR,2026-09-02,122.5999984741211,123.41000366210938,121.83000183105469,122.51000213623047,645057
PCG,2026-09-02,13.5600004196167,13.569999694824219,12.59000015258789,12.925000190734863,52524377
PDD,2026-09-02,82.54000091552734,83.41500091552734,82.12000274658203,82.9800033569336,1617200
PEP,2026-09-02,139.94000244140625,141.55999755859375,139.3000030517578,141.29989624023438,2294338
PFE,2026-09-02,28.790000915527344,29.09000015258789,28.704999923706055,28.790000915527344,13216683
PG,2026-09-02,146.4199981689453,147.74000549316406,145.7899932861328,147.39999389648438,1596114
PINS,2026-09-02,21.270000457763672,21.420000076293945,21.0,21.15999984741211,2972588
PL,2026-09-02,19.84000015258789,20.3799991607666,19.6299991607666,19.704999923706055,2550195
PLTR,2026-09-02,176.9949951171875,177.5500030517578,167.2899932861328,167.3699951171875,16974148
PLUG,2026-09-02,2.078399896621704,2.109999895095825,2.059999942779541,2.0850000381469727,17061555
PONY,2026-09-02,6.840000152587891,6.909999847412109,6.730000019073486,6.875,1746033
PPTA,2026-09-02,24.149999618530273,24.889999389648438,24.0,24.219999313354492,358387
PR,2026-09-02,23.600000381469727,23.875,23.57040023803711,23.850000381469727,2358748
PRMB,2026-09-02,23.040000915527344,23.290000915527344,22.71500015258789,22.834999084472656,1627860
PTEN,2026-09-02,12.609999656677246,13.029999732971191,12.609999656677246,13.010000228881836,2876515
PTON,2026-09-02,5.099999904632568,5.269999980926514,5.090000152587891,5.230000019073486,2129767
PYPL,2026-09-02,52.56999969482422,54.23500061035156,52.349998474121094,54.05500030517578,4283945
QBTS,2026-09-02,16.27899932861328,16.57990074157715,16.190000534057617,16.43000030517578,4133901
QCOM,2026-09-02,166.0399932861328,170.25,165.0800018310547,170.08999633789062,1825773
QS,2026-09-02,5.440000057220459,5.545000076293945,5.414999961853027,5.445000171661377,2860224
QUBT,2026-09-02,7.811999797821045,8.0,7.800000190734863,7.875,1588812
QURE,2026-09-02,50.720001220703125,50.970001220703125,46.02000045776367,46.51499938964844,1039133
QXO,2026-09-02,12.819999694824219,13.220000267028809,12.835000038146973,13.104999542236328,2925706
RBLX,2026-09-02,39.88999938964844,40.970001220703125,39.54999923706055,40.040000915527344,2042987
RF,2026-09-02,29.510000228881836,30.2549991607666,29.399999618530273,29.99049949645996,1513270
RGTI,2026-09-02,14.819999694824219,15.020000457763672,14.595000267028809,14.885000228881836,4661709
RIG,2026-09-02,5.860000133514404,6.150000095367432,5.789999961853027,6.125,19113989
RIO,2026-09-02,102.48999786376953,103.41999816894531,102.0999984741211,102.0999984741211,790648
RIOT,2026-09-02,17.483999252319336,18.0,17.390499114990234,17.8700008392334,4775457
RIVN,2026-09-02,15.522000312805176,15.789999961853027,15.45009994506836,15.550000190734863,3792891
RKLB,2026-09-02,62.290000915527344,63.52000045776367,61.45000076293945,62.165000915527344,8847205
RKT,2026-09-02,13.039999961853027,13.76990032196045,13.010000228881836,13.5649995803833,8434909
ROIV,2026-09-02,34.599998474121094,35.0364990234375,33.43000030517578,33.61000061035156,1523096
RUN,2026-09-02,8.369999885559082,8.579999923706055,8.319999694824219,8.529999732971191,1988727
RXRX,2026-09-02,3.3399999141693115,3.484999895095825,3.2850000858306885,3.305000066757202,6147001
SBET,2026-09-02,8.010000228881836,8.20989990234375,7.885000228881836,8.114999771118164,2935977
SBSW,2026-09-02,12.369999885559082,12.849900245666504,12.380000114440918,12.46500015258789,3172161
SBUX,2026-09-02,106.19000244140625,107.9000015258789,105.625,107.26010131835938,1231007
SCHW,2026-09-02,108.5,109.87999725341797,108.44999694824219,109.58499908447266,2085233
SE,2026-09-02,111.75,113.125,111.12000274658203,112.41000366210938,433497
SHOP,2026-09-02,139.75999450683594,141.25,138.91000366210938,139.7899932861328,2057765
SLB,2026-09-02,56.654998779296875,58.470001220703125,56.29999923706055,58.44499969482422,4373137
SMCI,2026-09-02,37.650001525878906,37.880001068115234,35.630001068115234,36.1349983215332,18043127
SMR,2026-09-02,9.135000228881836,9.489999771118164,9.125,9.21500015258789,9102807
SNAP,2026-09-02,5.300000190734863,5.644999980926514,5.289999961853027,5.585000038146973,11369287
SNDK,2026-09-02,1531.6199951171875,1587.85888671875,1509.239990234375,1544.1800537109375,5108174
SNOW,2026-09-02,310.5400085449219,319.19000244140625,308.1499938964844,308.4100036621094,2817057
SNY,2026-09-02,44.68000030517578,45.20000076293945,44.60499954223633,44.61000061035156,536137
SO,2026-09-02,87.98999786376953,88.16000366210938,87.12999725341797,87.82499694824219,1708657
SOBO,2026-09-02,37.47999954223633,37.650001525878906,37.255001068115234,37.525001525878906,101919
SOFI,2026-09-02,17.049999237060547,17.90999984741211,16.920000076293945,17.7450008392334,20467314
SONY,2026-09-02,24.459999084472656,24.760000228881836,24.40999984741211,24.704999923706055,1063216
SOUN,2026-09-02,6.804999828338623,7.070000171661377,6.764999866485596,6.849899768829346,8071580
STLA,2026-09-02,5.269999980926514,5.329999923706055,5.21999979019165,5.230000019073486,10569114
STNE,2026-09-02,9.680000305175781,10.335000038146973,9.670000076293945,10.3149995803833,1638316
T,2026-09-02,26.09000015258789,26.440000534057617,26.065000534057617,26.260000228881836,10503388
TAL,2026-09-02,12.220000267028809,12.529999732971191,12.119999885559082,12.1899995803833,1076211
TECK,2026-09-02,67.83999633789062,68.66000366210938,67.04010009765625,67.04010009765625,818862
TEM,2026-09-02,63.11000061035156,67.09989929199219,61.45000076293945,61.558998107910156,3192134
TEVA,2026-09-02,36.650001525878906,37.52989959716797,35.742000579833984,36.51499938964844,3119212
TGT,2026-09-02,164.00999450683594,164.85000610351562,163.2899932861328,163.94000244140625,733030
TMC,2026-09-02,4.53000020980835,4.71999979019165,4.489999771118164,4.59499979019165,1917612
TOST,2026-09-02,32.790000915527344,34.025001525878906,32.650001525878906,33.86000061035156,2358612
TRP,2026-09-02,63.58000183105469,63.58000183105469,62.26499938964844,62.7400016784668,357511
TSLA,2026-09-02,360.6099853515625,360.6199951171875,349.9200134277344,353.4200134277344,17172674
TSM,2026-09-02,413.20001220703125,416.17999267578125,411.2699890136719,413.2699890136719,2554045
TTD,2026-09-02,13.649999618530273,14.489999771118164,13.600000381469727,14.400099754333496,8647095
TXN,2026-09-02,253.33999633789062,257.8500061035156,251.0449981689453,257.17999267578125,900013
U,2026-09-02,40.41999816894531,41.560001373291016,40.29999923706055,40.599998474121094,2472542
UA,2026-09-02,4.809999942779541,5.025000095367432,4.824999809265137,4.994999885559082,908996
UAA,2026-09-02,4.960000038146973,5.135000228881836,4.936800003051758,5.105000019073486,1468222
UAL,2026-09-02,106.8499984741211,109.87000274658203,106.2500991821289,108.54000091552734,1845386
UBER,2026-09-02,76.05000305175781,76.79000091552734,75.36000061035156,76.44000244140625,4918740
UEC,2026-09-02,11.630000114440918,11.930000305175781,11.420000076293945,11.475000381469727,3059686
UMC,2026-09-02,19.540000915527344,20.1299991607666,19.4862003326416,19.9950008392334,3483346
UNH,2026-09-02,399.2699890136719,400.79998779296875,396.67498779296875,400.1050109863281,1023084
UPS,2026-09-02,103.30000305175781,104.1500015258789,102.78019714355469,103.38999938964844,1137145
UPST,2026-09-02,27.25,28.299999237060547,27.200000762939453,27.96500015258789,1222159
USB,2026-09-02,61.68000030517578,63.185001373291016,61.5099983215332,62.67499923706055,1740725
UUUU,2026-09-02,14.199999809265137,14.704999923706055,14.039999961853027,14.091699600219727,1926319
UWMC,2026-09-02,1.3700000047683716,1.4800000190734863,1.3600000143051147,1.4500000476837158,4183041
V,2026-09-02,374.010009765625,380.1000061035156,374.0299987792969,379.1400146484375,1331988
VALE,2026-09-02,15.430000305175781,15.930000305175781,15.375,15.704999923706055,12784586
VFC,2026-09-02,13.210000038146973,13.444999694824219,13.177800178527832,13.265000343322754,1250349
VG,2026-09-02,14.75,14.760000228881836,14.270000457763672,14.760000228881836,4825934
VICI,2026-09-02,25.540000915527344,25.75,25.360000610351562,25.735000610351562,1773228
VLY,2026-09-02,13.489999771118164,13.930000305175781,13.454999923706055,13.800000190734863,2865348
VNET,2026-09-02,6.159999847412109,6.21999979019165,6.045000076293945,6.065000057220459,1315374
VTRS,2026-09-02,16.75,17.024999618530273,16.75,16.895000457763672,1618220
VZ,2026-09-02,50.494998931884766,50.814998626708984,50.25,50.599998474121094,6125559
WAY,2026-09-02,25.7450008392334,26.579999923706055,25.735000610351562,25.954999923706055,399952
WBD,2026-09-02,28.3799991607666,28.510000228881836,28.364999771118164,28.44499969482422,3245026
WDC,2026-09-02,444.40301513671875,456.9800109863281,437.3999938964844,443.5,1830963
WFC,2026-09-02,87.75,90.08999633789062,87.58000183105469,89.72000122070312,5840962
WIT,2026-09-02,1.8300000429153442,1.840000033378601,1.7999999523162842,1.809999942779541,1873832
WMB,2026-09-02,75.12000274658203,75.23999786376953,73.63999938964844,74.9800033569336,1716389
WMT,2026-09-02,105.97000122070312,106.44000244140625,105.45999908447266,105.91010284423828,4794407
WOLF,2026-09-02,25.989999771118164,27.25,25.559999465942383,25.8799991607666,636549
WRD,2026-09-02,5.639999866485596,5.735000133514404,5.619999885559082,5.704999923706055,539144
WU,2026-09-02,7.079999923706055,7.289999961853027,7.059999942779541,7.275000095367432,2551540
WULF,2026-09-02,14.454999923706055,14.699999809265137,14.270000457763672,14.4350004196167,6700379
XEL,2026-09-02,76.25,76.25,74.70999908447266,75.41999816894531,1466664
XOM,2026-09-02,163.92999267578125,164.7698974609375,162.75999450683594,163.34500122070312,3436939
XP,2026-09-02,18.954999923706055,20.049999237060547,18.899999618530273,19.850000381469727,3222006
XPEV,2026-09-02,11.119999885559082,11.130000114440918,10.960100173950195,11.03499984741211,2731997
XYZ,2026-09-02,76.95999908447266,81.19000244140625,76.95999908447266,80.8550033569336,1934485
YMM,2026-09-02,8.489999771118164,8.850000381469727,8.545000076293945,8.710000038146973,1439310
BIDU,2026-09-02,94.07499694824219,95.29000091552734,93.8488998413086,94.44499969482422,529260
