contractSymbol,strike,lastPrice_new,bid,ask,volume_new,openInterest,impliedVolatility,inTheMoney,option_type,expiry_date,symbol,volume_old,lastPrice_old,volume_change,volume_change_pct,option_price_change,stock_price_change,signal_type,stock_price_change_pct,option_price_change_pct,volume_change_abs,amount_threshold,amount_tier
NVDA251003C00185000,185.0,3.2,3.1,3.15,297177.0,80875.0,0.2893137475585937,True,CALL,2025-10-03,NVDA,0.0,1.35,297177.0,100.0,1.3703703703703702,0.02631283058960429,买Call，看涨,2.6312830589604292,137.037037037037,297177.0,95096640.0,>50M
NVDA251003C00180000,180.0,6.69,6.65,6.7,87614.0,82145.0,0.2050860742187499,True,CALL,2025-10-03,NVDA,0.0,3.9,87614.0,100.0,0.7153846153846155,0.02631283058960429,买Call，看涨,2.6312830589604292,71.53846153846155,87614.0,58613766.0,>50M
ORCL251219C00280000,280.0,28.1,28.3,28.65,20677.0,32021.0,0.5630536859130859,False,CALL,2025-12-19,ORCL,0.0,30.2,20677.0,100.0,-0.06953642384105953,-0.01662191273414869,卖Call，看跌,-1.662191273414869,-6.953642384105953,20677.0,58102370.00000001,>50M
TSLA251003P00440000,440.0,13.3,13.25,13.3,29340.0,5698.0,0.5814250842285156,True,PUT,2025-10-03,TSLA,0.0,10.17,29340.0,100.0,0.3077679449360866,-0.01841114555048675,买Put，看跌,-1.841114555048675,30.776794493608662,29340.0,39022200.0,10M-50M
NVDA251003C00187500,187.5,1.95,1.88,1.89,196155.0,70656.0,0.2944406494140624,False,CALL,2025-10-03,NVDA,0.0,0.71,196155.0,100.0,1.7464788732394367,0.02631283058960429,买Call，看涨,2.6312830589604292,174.64788732394368,196155.0,38250225.0,10M-50M
NVDA251003C00182500,182.5,4.8,4.7,4.75,73049.0,72571.0,0.2678295874023437,True,CALL,2025-10-03,NVDA,0.0,2.41,73049.0,100.0,0.9917012448132778,0.02631283058960429,买Call，看涨,2.6312830589604292,99.17012448132778,73049.0,35063520.0,10M-50M
TSLA251003P00437500,437.5,11.85,11.85,11.95,22153.0,2982.0,0.583866466064453,True,PUT,2025-10-03,TSLA,0.0,9.21,22153.0,100.0,0.286644951140065,-0.01841114555048675,买Put，看跌,-1.841114555048675,28.6644951140065,22153.0,26251305.0,10M-50M
TSLA251003C00440000,440.0,8.75,8.75,8.85,29934.0,16463.0,0.6073037316894532,False,CALL,2025-10-03,TSLA,0.0,13.7,29934.0,100.0,-0.36131386861313863,-0.01841114555048675,卖Call，看跌,-1.841114555048675,-36.131386861313864,29934.0,26192250.0,10M-50M
NVDA251003C00190000,190.0,1.09,1.08,1.09,199278.0,74526.0,0.30664755859375,False,CALL,2025-10-03,NVDA,0.0,0.37,199278.0,100.0,1.9459459459459463,0.02631283058960429,买Call，看涨,2.6312830589604292,194.59459459459464,199278.0,21721302.0,10M-50M
CRWV251003C00140000,140.0,4.2,4.1,4.2,47200.0,19452.0,0.9150399121093752,False,CALL,2025-10-03,CRWV,0.0,0.43,47200.0,100.0,8.767441860465116,0.12246978178698084,买Call，看涨,12.246978178698084,876.7441860465116,47200.0,19824000.0,10M-50M
TSLA251003P00435000,435.0,10.4,10.45,10.55,16964.0,3746.0,0.5797161169433593,False,PUT,2025-10-03,TSLA,0.0,8.06,16964.0,100.0,0.29032258064516125,-0.01841114555048675,买Put，看跌,-1.841114555048675,29.032258064516125,16964.0,17642560.0,10M-50M
NVDA251003P00185000,185.0,2.25,2.24,2.25,77690.0,6935.0,0.3857483300781249,False,PUT,2025-10-03,NVDA,0.0,4.4,77690.0,100.0,-0.4886363636363637,0.02631283058960429,卖Put，看涨,2.6312830589604292,-48.86363636363637,77690.0,17480250.0,10M-50M
NVDA251010C00185000,185.0,5.05,4.9,4.95,33785.0,20410.0,0.3177558459472656,True,CALL,2025-10-10,NVDA,0.0,2.89,33785.0,100.0,0.7474048442906573,0.02631283058960429,买Call，看涨,2.6312830589604292,74.74048442906573,33785.0,17061425.0,10M-50M
META251031P00730000,730.0,31.41,31.1,31.55,5299.0,462.0,0.3857178128051757,False,PUT,2025-10-31,META,0.0,28.42,5299.0,100.0,0.10520760028149184,-0.012873294336735725,买Put，看跌,-1.2873294336735726,10.520760028149184,5299.0,16644159.0,10M-50M
CRWV251017C00115000,115.0,25.88,25.5,27.1,5548.0,11346.0,1.056645341796875,True,CALL,2025-10-17,CRWV,0.0,13.37,5548.0,100.0,0.9356768885564698,0.12246978178698084,买Call，看涨,12.246978178698084,93.56768885564698,5548.0,14358224.0,10M-50M
NVDA251010C00190000,190.0,2.75,2.74,2.75,50754.0,18924.0,0.324103438720703,False,CALL,2025-10-10,NVDA,0.0,1.34,50754.0,100.0,1.052238805970149,0.02631283058960429,买Call，看涨,2.6312830589604292,105.22388059701491,50754.0,13957350.0,10M-50M
NVDA260320C00200000,200.0,16.48,16.4,16.5,8463.0,37056.0,0.4278011322021484,False,CALL,2026-03-20,NVDA,0.0,14.27,8463.0,100.0,0.1548703573931325,0.02631283058960429,买Call，看涨,2.6312830589604292,15.487035739313251,8463.0,13947024.0,10M-50M
GOOG260320P00230000,230.0,15.11,15.0,15.1,9204.0,674.0,0.3170234313964843,False,PUT,2026-03-20,GOOG,0.0,13.8,9204.0,100.0,0.09492753623188396,-0.010803729673655116,买Put，看跌,-1.0803729673655116,9.492753623188396,9204.0,13907244.0,10M-50M
NVDA251017C00180000,180.0,9.66,9.65,9.7,14388.0,73761.0,0.3571841625976562,True,CALL,2025-10-17,NVDA,0.0,6.9,14388.0,100.0,0.39999999999999997,0.02631283058960429,买Call，看涨,2.6312830589604292,40.0,14388.0,13898808.000000002,10M-50M
NVDA251003C00177500,177.5,8.98,8.75,8.85,15262.0,26378.0,1.0000000000000004e-05,True,CALL,2025-10-03,NVDA,0.0,5.7,15262.0,100.0,0.5754385964912281,0.02631283058960429,买Call，看涨,2.6312830589604292,57.54385964912281,15262.0,13705276.0,10M-50M
NVDA260116C00200000,200.0,11.1,11.0,11.1,12068.0,70384.0,0.4032042102050781,False,CALL,2026-01-16,NVDA,0.0,9.1,12068.0,100.0,0.21978021978021978,0.02631283058960429,买Call，看涨,2.6312830589604292,21.978021978021978,12068.0,13395479.999999998,10M-50M
CRWV251017C00120000,120.0,21.25,21.35,21.95,6235.0,14367.0,0.9389654541015624,True,CALL,2025-10-17,CRWV,0.0,10.65,6235.0,100.0,0.9953051643192488,0.12246978178698084,买Call，看涨,12.246978178698084,99.53051643192488,6235.0,13249375.0,10M-50M
NVDA251017C00190000,190.0,4.13,4.15,4.2,31988.0,52239.0,0.343634493408203,False,CALL,2025-10-17,NVDA,0.0,2.47,31988.0,100.0,0.672064777327935,0.02631283058960429,买Call，看涨,2.6312830589604292,67.2064777327935,31988.0,13211044.0,10M-50M
TSLA251003C00450000,450.0,5.3,5.4,5.45,24763.0,22556.0,0.6152382226562501,False,CALL,2025-10-03,TSLA,0.0,9.1,24763.0,100.0,-0.4175824175824176,-0.01841114555048675,卖Call，看跌,-1.841114555048675,-41.75824175824176,24763.0,13124390.0,10M-50M
NVDA251017C00185000,185.0,6.5,6.4,6.45,19683.0,76925.0,0.3404606970214844,True,CALL,2025-10-17,NVDA,0.0,4.25,19683.0,100.0,0.5294117647058824,0.02631283058960429,买Call，看涨,2.6312830589604292,52.94117647058824,19683.0,12793950.0,10M-50M
TSLA251003P00430000,430.0,8.26,8.2,8.3,15036.0,14400.0,0.5863078479003907,False,PUT,2025-10-03,TSLA,0.0,6.31,15036.0,100.0,0.3090332805071316,-0.01841114555048675,买Put，看跌,-1.841114555048675,30.903328050713156,15036.0,12419736.0,10M-50M
NVDA251010C00180000,180.0,8.32,8.15,8.25,14519.0,15393.0,0.3247137841796874,True,CALL,2025-10-10,NVDA,0.0,5.5,14519.0,100.0,0.5127272727272728,0.02631283058960429,买Call，看涨,2.6312830589604292,51.27272727272728,14519.0,12079808.0,10M-50M
NVDA260116C00173000,173.0,24.87,24.6,24.8,4711.0,2945.0,0.4382380395507813,True,CALL,2026-01-16,NVDA,0.0,21.63,4711.0,100.0,0.14979195561719844,0.02631283058960429,买Call，看涨,2.6312830589604292,14.979195561719843,4711.0,11716257.0,10M-50M
NVDA251121C00185000,185.0,12.75,12.7,12.8,9123.0,33966.0,0.424261128540039,True,CALL,2025-11-21,NVDA,0.0,10.4,9123.0,100.0,0.2259615384615384,0.02631283058960429,买Call，看涨,2.6312830589604292,22.59615384615384,9123.0,11631825.0,10M-50M
NVDA251121C00200000,200.0,6.52,6.45,6.5,17751.0,44438.0,0.4097349066162109,False,CALL,2025-11-21,NVDA,0.0,4.88,17751.0,100.0,0.33606557377049173,0.02631283058960429,买Call，看涨,2.6312830589604292,33.60655737704917,17751.0,11573651.999999998,10M-50M
HOOD251003C00126000,126.0,13.63,13.1,13.4,7987.0,18064.0,0.68555001953125,True,CALL,2025-10-03,HOOD,0.0,11.6,7987.0,100.0,0.1750000000000001,0.01568903052449743,买Call，看涨,1.5689030524497432,17.50000000000001,7987.0,10886281.000000002,10M-50M
TSLA251003C00430000,430.0,13.7,13.65,13.75,7619.0,8454.0,0.6082192498779297,True,CALL,2025-10-03,TSLA,0.0,19.82,7619.0,100.0,-0.30877901109989914,-0.01841114555048675,卖Call，看跌,-1.841114555048675,-30.877901109989914,7619.0,10438029.999999998,10M-50M
TSLA251003C00437500,437.5,9.7,9.8,9.9,10734.0,7876.0,0.6052895916748049,False,CALL,2025-10-03,TSLA,0.0,15.2,10734.0,100.0,-0.3618421052631579,-0.01841114555048675,卖Call，看跌,-1.841114555048675,-36.18421052631579,10734.0,10411979.999999998,10M-50M
TSLA251121C00500000,500.0,19.9,19.9,20.05,5042.0,68450.0,0.6387365228271484,False,CALL,2025-11-21,TSLA,0.0,23.3,5042.0,100.0,-0.14592274678111597,-0.01841114555048675,卖Call，看跌,-1.841114555048675,-14.592274678111597,5042.0,10033579.999999998,10M-50M
CRWV251017C00140000,140.0,9.24,9.0,9.45,10419.0,18219.0,0.848512257080078,False,CALL,2025-10-17,CRWV,0.0,3.54,10419.0,100.0,1.6101694915254237,0.12246978178698084,买Call，看涨,12.246978178698084,161.01694915254237,10419.0,9627156.0,5M-10M
META251003C00730000,730.0,10.84,10.65,10.9,8017.0,498.0,0.2939523730468749,True,CALL,2025-10-03,META,0.0,18.05,8017.0,100.0,-0.39944598337950143,-0.012873294336735725,卖Call，看跌,-1.2873294336735726,-39.94459833795014,8017.0,8690428.0,5M-10M
TSLA251003C00445000,445.0,6.93,6.85,6.95,12398.0,12351.0,0.6081582153320313,False,CALL,2025-10-03,TSLA,0.0,11.2,12398.0,100.0,-0.38125,-0.01841114555048675,卖Call，看跌,-1.841114555048675,-38.125,12398.0,8591814.0,5M-10M
BA260220P00215000,215.0,17.46,17.15,17.5,4904.0,704.0,0.3154975677490234,True,PUT,2026-02-20,BA,0.0,15.75,4904.0,100.0,0.10857142857142862,-0.014879287360854533,买Put，看跌,-1.4879287360854534,10.857142857142863,4904.0,8562384.000000002,5M-10M
TSLA251003C00435000,435.0,11.11,11.0,11.1,7681.0,4708.0,0.6066323516845704,True,CALL,2025-10-03,TSLA,0.0,16.65,7681.0,100.0,-0.3327327327327327,-0.01841114555048675,卖Call，看跌,-1.841114555048675,-33.27327327327327,7681.0,8533590.999999998,5M-10M
HOOD251003C00140000,140.0,3.04,2.98,3.05,25395.0,17771.0,0.6103554589843752,False,CALL,2025-10-03,HOOD,0.0,2.54,25395.0,100.0,0.19685039370078738,0.01568903052449743,买Call，看涨,1.5689030524497432,19.685039370078737,25395.0,7720080.0,5M-10M
NVDA251003P00182500,182.5,1.38,1.37,1.39,55405.0,13122.0,0.3911193701171874,False,PUT,2025-10-03,NVDA,0.0,2.9,55405.0,100.0,-0.5241379310344828,0.02631283058960429,卖Put，看涨,2.6312830589604292,-52.41379310344828,55405.0,7645889.999999999,5M-10M
CRWV251003C00130000,130.0,10.05,9.95,10.55,7600.0,11666.0,1.0253954980468751,True,CALL,2025-10-03,CRWV,0.0,1.8,7600.0,100.0,4.583333333333333,0.12246978178698084,买Call，看涨,12.246978178698084,458.3333333333333,7600.0,7638000.0,5M-10M
TSLA251017C00450000,450.0,14.95,14.85,14.95,5014.0,15823.0,0.5500533276367189,False,CALL,2025-10-17,TSLA,0.0,19.0,5014.0,100.0,-0.21315789473684213,-0.01841114555048675,卖Call，看跌,-1.841114555048675,-21.315789473684212,5014.0,7495930.0,5M-10M
NVDA251017P00180000,180.0,3.4,3.3,3.4,20635.0,33848.0,0.3789124609375,False,PUT,2025-10-17,NVDA,0.0,4.54,20635.0,100.0,-0.2511013215859031,0.02631283058960429,卖Put，看涨,2.6312830589604292,-25.11013215859031,20635.0,7015900.0,5M-10M
META251003P00730000,730.0,7.2,7.0,7.1,9665.0,2284.0,0.2874216766357421,False,PUT,2025-10-03,META,0.0,4.0,9665.0,100.0,0.8,-0.012873294336735725,买Put，看跌,-1.2873294336735726,80.0,9665.0,6958800.0,5M-10M
NVDA251003P00180000,180.0,0.84,0.85,0.86,82809.0,29984.0,0.4067442138671875,False,PUT,2025-10-03,NVDA,0.0,1.84,82809.0,100.0,-0.5434782608695652,0.02631283058960429,卖Put，看涨,2.6312830589604292,-54.347826086956516,82809.0,6955956.0,5M-10M
TSLA251003C00442500,442.5,7.7,7.75,7.85,8842.0,8854.0,0.6073037316894532,False,CALL,2025-10-03,TSLA,0.0,12.55,8842.0,100.0,-0.3864541832669323,-0.01841114555048675,卖Call，看跌,-1.841114555048675,-38.64541832669323,8842.0,6808340.000000001,5M-10M
CRWV251003C00135000,135.0,6.7,6.7,6.95,10067.0,7471.0,0.962646857910156,True,CALL,2025-10-03,CRWV,0.0,0.86,10067.0,100.0,6.790697674418604,0.12246978178698084,买Call，看涨,12.246978178698084,679.0697674418604,10067.0,6744890.000000001,5M-10M
TSLA251003P00442500,442.5,14.88,14.8,14.95,4464.0,2828.0,0.5866740551757812,True,PUT,2025-10-03,TSLA,0.0,11.36,4464.0,100.0,0.3098591549295776,-0.01841114555048675,买Put，看跌,-1.841114555048675,30.985915492957762,4464.0,6642432.000000001,5M-10M
NVDA251017C00170000,170.0,17.5,17.3,17.45,3739.0,47982.0,0.3569400244140625,True,CALL,2025-10-17,NVDA,0.0,14.1,3739.0,100.0,0.2411347517730497,0.02631283058960429,买Call，看涨,2.6312830589604292,24.11347517730497,3739.0,6543250.0,5M-10M
TSLA251003P00420000,420.0,4.91,4.85,4.95,13166.0,10955.0,0.6051064880371095,False,PUT,2025-10-03,TSLA,0.0,3.75,13166.0,100.0,0.30933333333333335,-0.01841114555048675,买Put，看跌,-1.841114555048675,30.933333333333334,13166.0,6464506.000000001,5M-10M
TSLA251010C00440000,440.0,14.35,14.25,14.35,4425.0,2949.0,0.5498091894531252,False,CALL,2025-10-10,TSLA,0.0,19.15,4425.0,100.0,-0.2506527415143603,-0.01841114555048675,卖Call，看跌,-1.841114555048675,-25.06527415143603,4425.0,6349875.0,5M-10M
NVDA251010C00187500,187.5,3.75,3.7,3.75,16899.0,5261.0,0.3222724023437499,False,CALL,2025-10-10,NVDA,0.0,1.99,16899.0,100.0,0.8844221105527639,0.02631283058960429,买Call，看涨,2.6312830589604292,88.44221105527639,16899.0,6337125.0,5M-10M
NVDA251219C00200000,200.0,8.82,8.85,8.95,7166.0,61948.0,0.404730073852539,False,CALL,2025-12-19,NVDA,0.0,7.03,7166.0,100.0,0.2546230440967283,0.02631283058960429,买Call，看涨,2.6312830589604292,25.462304409672832,7166.0,6320412.0,5M-10M
TSLA251003P00445000,445.0,16.4,16.35,16.5,3753.0,3862.0,0.5839885351562499,True,PUT,2025-10-03,TSLA,0.0,12.65,3753.0,100.0,0.2964426877470354,-0.01841114555048675,买Put，看跌,-1.841114555048675,29.64426877470354,3753.0,6154920.0,5M-10M
CRWV251121C00150000,150.0,15.15,14.95,15.3,4025.0,7342.0,0.956177196044922,False,CALL,2025-11-21,CRWV,0.0,9.35,4025.0,100.0,0.6203208556149734,0.12246978178698084,买Call，看涨,12.246978178698084,62.03208556149734,4025.0,6097875.0,5M-10M
TSLA251003P00450000,450.0,19.92,19.7,19.85,3017.0,4011.0,0.5782512878417969,True,PUT,2025-10-03,TSLA,0.0,15.7,3017.0,100.0,0.2687898089171976,-0.01841114555048675,买Put，看跌,-1.841114555048675,26.878980891719763,3017.0,6009864.000000001,5M-10M
AMZN251003C00220000,220.0,2.22,2.22,2.24,27030.0,9891.0,0.3054268676757812,False,CALL,2025-10-03,AMZN,0.0,4.15,27030.0,100.0,-0.4650602409638554,-0.015303568998991846,卖Call，看跌,-1.5303568998991846,-46.50602409638554,27030.0,6000660.000000001,5M-10M
NVDA251121C00190000,190.0,10.31,10.3,10.35,5805.0,21141.0,0.4183407775878905,False,CALL,2025-11-21,NVDA,0.0,8.2,5805.0,100.0,0.2573170731707319,0.02631283058960429,买Call，看涨,2.6312830589604292,25.731707317073187,5805.0,5984955.0,5M-10M
NVDA251031C00180000,180.0,11.85,11.75,11.85,4933.0,12074.0,0.3748841809082031,True,CALL,2025-10-31,NVDA,0.0,9.1,4933.0,100.0,0.30219780219780223,0.02631283058960429,买Call，看涨,2.6312830589604292,30.219780219780223,4933.0,5845605.0,5M-10M
CRWV251017C00150000,150.0,5.5,5.5,5.65,10380.0,11319.0,0.839723282470703,False,CALL,2025-10-17,CRWV,0.0,2.0,10380.0,100.0,1.75,0.12246978178698084,买Call，看涨,12.246978178698084,175.0,10380.0,5709000.0,5M-10M
NVDA251219C00190000,190.0,12.86,12.8,12.9,4140.0,26121.0,0.4110166320800781,False,CALL,2025-12-19,NVDA,0.0,10.63,4140.0,100.0,0.2097836312323611,0.02631283058960429,买Call，看涨,2.6312830589604292,20.97836312323611,4140.0,5324039.999999999,5M-10M
NVDA251121C00180000,180.0,15.45,15.5,15.6,3439.0,74545.0,0.4310969976806641,True,CALL,2025-11-21,NVDA,0.0,12.95,3439.0,100.0,0.19305019305019305,0.02631283058960429,买Call，看涨,2.6312830589604292,19.305019305019304,3439.0,5313255.0,5M-10M
NVDA251010C00182500,182.5,6.5,6.45,6.5,7932.0,5824.0,0.3220282641601562,True,CALL,2025-10-10,NVDA,0.0,4.1,7932.0,100.0,0.5853658536585368,0.02631283058960429,买Call，看涨,2.6312830589604292,58.536585365853675,7932.0,5155800.0,5M-10M
NVDA251017C00200000,200.0,1.43,1.43,1.44,35206.0,77735.0,0.34180345703125,False,CALL,2025-10-17,NVDA,0.0,0.75,35206.0,100.0,0.9066666666666666,0.02631283058960429,买Call，看涨,2.6312830589604292,90.66666666666666,35206.0,5034457.999999999,5M-10M
NVDA251031C00200000,200.0,3.1,3.05,3.15,16049.0,14392.0,0.3573062316894531,False,CALL,2025-10-31,NVDA,0.0,1.91,16049.0,100.0,0.6230366492146598,0.02631283058960429,买Call，看涨,2.6312830589604292,62.30366492146599,16049.0,4975190.0,<=5M
JD260116C00040000,40.0,2.34,2.34,2.36,21244.0,399218.0,0.5542036767578126,False,CALL,2026-01-16,JD,0.0,2.62,21244.0,100.0,-0.10687022900763368,-0.024831603161874605,卖Call，看跌,-2.4831603161874605,-10.687022900763369,21244.0,4971096.0,<=5M
SOFI251121C00027000,27.0,2.52,2.49,2.53,19527.0,18013.0,0.7587914746093751,False,CALL,2025-11-21,SOFI,0.0,3.3,19527.0,100.0,-0.2363636363636363,-0.06116150680961559,卖Call，看跌,-6.1161506809615585,-23.63636363636363,19527.0,4920804.0,<=5M
NVDA251003P00187500,187.5,3.5,3.55,3.6,13586.0,965.0,0.4023497265625,True,PUT,2025-10-03,NVDA,0.0,6.28,13586.0,100.0,-0.4426751592356688,0.02631283058960429,卖Put，看涨,2.6312830589604292,-44.26751592356688,13586.0,4755100.0,<=5M
NVDA251031C00185000,185.0,8.92,8.8,8.9,5301.0,12906.0,0.3675600354003906,True,CALL,2025-10-31,NVDA,0.0,6.52,5301.0,100.0,0.36809815950920255,0.02631283058960429,买Call，看涨,2.6312830589604292,36.80981595092025,5301.0,4728492.0,<=5M
CRWV251003C00125000,125.0,14.58,14.0,15.1,3145.0,4245.0,1.1782267651367184,True,CALL,2025-10-03,CRWV,0.0,3.3,3145.0,100.0,3.418181818181819,0.12246978178698084,买Call，看涨,12.246978178698084,341.81818181818187,3145.0,4585410.0,<=5M
CRWV251003C00145000,145.0,2.43,2.31,2.48,18764.0,4552.0,0.9023447265625,False,CALL,2025-10-03,CRWV,0.0,0.22,18764.0,100.0,10.045454545454545,0.12246978178698084,买Call，看涨,12.246978178698084,1004.5454545454545,18764.0,4559652.0,<=5M
NVDA251010P00185000,185.0,3.96,3.9,3.95,11342.0,4705.0,0.3665834826660156,False,PUT,2025-10-10,NVDA,0.0,5.75,11342.0,100.0,-0.31130434782608696,0.02631283058960429,卖Put，看涨,2.6312830589604292,-31.130434782608695,11342.0,4491432.0,<=5M
NVDA251003C00175000,175.0,11.2,11.15,11.25,4007.0,15839.0,1.0000000000000004e-05,True,CALL,2025-10-03,NVDA,0.0,7.7,4007.0,100.0,0.4545454545454544,0.02631283058960429,买Call，看涨,2.6312830589604292,45.45454545454544,4007.0,4487839.999999999,<=5M
MSTR251024P00300000,300.0,11.0,10.8,11.25,4072.0,881.0,0.5719647296142578,False,PUT,2025-10-24,MSTR,0.0,9.5,4072.0,100.0,0.15789473684210525,-0.027816974193752862,买Put，看跌,-2.7816974193752864,15.789473684210526,4072.0,4479200.0,<=5M
NVDA251017C00175000,175.0,13.33,13.2,13.25,3200.0,35745.0,0.3518131225585937,True,CALL,2025-10-17,NVDA,0.0,10.15,3200.0,100.0,0.3133004926108374,0.02631283058960429,买Call，看涨,2.6312830589604292,31.330049261083744,3200.0,4265600.0,<=5M
TSLA251010C00450000,450.0,10.45,10.45,10.55,4081.0,5150.0,0.5526778131103516,False,CALL,2025-10-10,TSLA,0.0,14.47,4081.0,100.0,-0.27781617138908093,-0.01841114555048675,卖Call，看跌,-1.841114555048675,-27.781617138908093,4081.0,4264645.0,<=5M
NVDA251010P00180000,180.0,2.14,2.11,2.13,19280.0,9066.0,0.3718324536132812,False,PUT,2025-10-10,NVDA,0.0,3.25,19280.0,100.0,-0.3415384615384615,0.02631283058960429,卖Put，看涨,2.6312830589604292,-34.15384615384615,19280.0,4125920.0000000005,<=5M
META251003C00740000,740.0,5.95,6.0,6.1,6879.0,1711.0,0.2904123693847655,False,CALL,2025-10-03,META,0.0,11.6,6879.0,100.0,-0.4870689655172413,-0.012873294336735725,卖Call，看跌,-1.2873294336735726,-48.706896551724135,6879.0,4093005.0000000005,<=5M
CRWV251010C00130000,130.0,12.18,12.05,12.95,3349.0,2918.0,0.8854991918945312,True,CALL,2025-10-10,CRWV,0.0,4.33,3349.0,100.0,1.812933025404157,0.12246978178698084,买Call，看涨,12.246978178698084,181.29330254041568,3349.0,4079082.0,<=5M
ORCL251003P00280000,280.0,5.56,5.35,5.55,7102.0,5256.0,0.3867248828124999,True,PUT,2025-10-03,ORCL,0.0,4.56,7102.0,100.0,0.2192982456140351,-0.01662191273414869,买Put，看跌,-1.662191273414869,21.92982456140351,7102.0,3948711.9999999995,<=5M
NVDA251010C00175000,175.0,12.33,12.25,12.3,3116.0,10782.0,0.3300848242187499,True,CALL,2025-10-10,NVDA,0.0,9.0,3116.0,100.0,0.37,0.02631283058960429,买Call，看涨,2.6312830589604292,37.0,3116.0,3842028.0,<=5M
CRWV251010C00150000,150.0,3.6,3.4,3.75,10267.0,3718.0,0.8425308715820312,False,CALL,2025-10-10,CRWV,0.0,0.95,10267.0,100.0,2.789473684210527,0.12246978178698084,买Call，看涨,12.246978178698084,278.9473684210527,10267.0,3696120.0000000005,<=5M
TSLA251003P00425000,425.0,6.47,6.4,6.5,5697.0,8761.0,0.5980264807128908,False,PUT,2025-10-03,TSLA,0.0,5.0,5697.0,100.0,0.29399999999999993,-0.01841114555048675,买Put，看跌,-1.841114555048675,29.39999999999999,5697.0,3685958.9999999995,<=5M
TSLA251003P00432500,432.5,9.51,9.45,9.55,3846.0,5357.0,0.5925333715820313,False,PUT,2025-10-03,TSLA,0.0,7.22,3846.0,100.0,0.3171745152354571,-0.01841114555048675,买Put，看跌,-1.841114555048675,31.71745152354571,3846.0,3657546.0,<=5M
GOOGL251121C00250000,250.0,9.5,9.35,9.4,3845.0,22300.0,0.3566348516845703,False,CALL,2025-11-21,GOOGL,0.0,11.37,3845.0,100.0,-0.16446789797713274,-0.011473071160601426,卖Call，看跌,-1.1473071160601427,-16.446789797713272,3845.0,3652750.0,<=5M
NVDA251003C00192500,192.5,0.61,0.61,0.62,59527.0,51647.0,0.3222724023437499,False,CALL,2025-10-03,NVDA,0.0,0.21,59527.0,100.0,1.9047619047619049,0.02631283058960429,买Call，看涨,2.6312830589604292,190.47619047619048,59527.0,3631147.0,<=5M
CRWV251003C00150000,150.0,1.23,1.4,1.47,28904.0,6641.0,0.9331061376953124,False,CALL,2025-10-03,CRWV,0.0,0.14,28904.0,100.0,7.785714285714284,0.12246978178698084,买Call，看涨,12.246978178698084,778.5714285714283,28904.0,3555192.0,<=5M
NVDA251017C00195000,195.0,2.48,2.45,2.47,14309.0,81753.0,0.3377751770019531,False,CALL,2025-10-17,NVDA,0.0,1.35,14309.0,100.0,0.8370370370370369,0.02631283058960429,买Call，看涨,2.6312830589604292,83.7037037037037,14309.0,3548632.0,<=5M
META251003C00732500,732.5,9.4,9.3,9.5,3757.0,87.0,0.2919382330322264,True,CALL,2025-10-03,META,0.0,16.26,3757.0,100.0,-0.4218942189421895,-0.012873294336735725,卖Call，看跌,-1.2873294336735726,-42.189421894218945,3757.0,3531580.0000000005,<=5M
HOOD251003C00145000,145.0,1.5,1.49,1.52,23500.0,4220.0,0.6435582519531251,False,CALL,2025-10-03,HOOD,0.0,1.31,23500.0,100.0,0.14503816793893126,0.01568903052449743,买Call，看涨,1.5689030524497432,14.503816793893126,23500.0,3525000.0,<=5M
RKT251121C00021000,21.0,1.48,1.48,1.49,23751.0,40172.0,0.743166630859375,False,CALL,2025-11-21,RKT,0.0,2.01,23751.0,100.0,-0.2636815920398009,-0.04543192829732685,卖Call，看跌,-4.543192829732685,-26.368159203980092,23751.0,3515148.0000000005,<=5M
META251003C00735000,735.0,8.15,8.15,8.3,4250.0,251.0,0.292853751220703,False,CALL,2025-10-03,META,0.0,14.85,4250.0,100.0,-0.4511784511784511,-0.012873294336735725,卖Call，看跌,-1.2873294336735726,-45.117845117845114,4250.0,3463750.0,<=5M
NVDA251017C00182500,182.5,8.04,7.85,7.9,4306.0,5854.0,0.3425358715820312,True,CALL,2025-10-17,NVDA,0.0,5.47,4306.0,100.0,0.46983546617915894,0.02631283058960429,买Call，看涨,2.6312830589604292,46.98354661791589,4306.0,3462024.0,<=5M
GOOGL251003P00240000,240.0,3.05,3.05,3.1,11115.0,10071.0,0.3686586572265625,False,PUT,2025-10-03,GOOGL,0.0,1.88,11115.0,100.0,0.6223404255319149,-0.011473071160601426,买Put，看跌,-1.1473071160601427,62.23404255319149,11115.0,3390075.0,<=5M
HOOD251017C00140000,140.0,7.33,7.3,7.4,4614.0,11733.0,0.6409948010253907,False,CALL,2025-10-17,HOOD,0.0,6.21,4614.0,100.0,0.18035426731078907,0.01568903052449743,买Call，看涨,1.5689030524497432,18.035426731078907,4614.0,3382062.0000000005,<=5M
IREN251003C00039000,39.0,8.15,7.4,7.8,4110.0,589.0,1.109379453125,True,CALL,2025-10-03,IREN,0.0,7.2,4110.0,100.0,0.13194444444444448,0.01589374128861187,买Call，看涨,1.589374128861187,13.194444444444448,4110.0,3349650.0,<=5M
HOOD251003C00135000,135.0,6.1,5.75,5.9,5488.0,21083.0,0.6235389208984375,True,CALL,2025-10-03,HOOD,0.0,4.82,5488.0,100.0,0.26556016597510357,0.01568903052449743,买Call，看涨,1.5689030524497432,26.556016597510357,5488.0,3347679.9999999995,<=5M
NVDA251024C00185000,185.0,7.62,7.55,7.65,4354.0,9824.0,0.3510807080078124,True,CALL,2025-10-24,NVDA,0.0,5.34,4354.0,100.0,0.4269662921348315,0.02631283058960429,买Call，看涨,2.6312830589604292,42.69662921348315,4354.0,3317748.0000000005,<=5M
NVDA251017P00185000,185.0,5.25,5.3,5.35,6225.0,9210.0,0.3723207299804688,False,PUT,2025-10-17,NVDA,0.0,6.95,6225.0,100.0,-0.2446043165467626,0.02631283058960429,卖Put，看涨,2.6312830589604292,-24.46043165467626,6225.0,3268125.0,<=5M
NVDA251017C00187500,187.5,5.19,5.15,5.2,6254.0,4282.0,0.3397282824707031,False,CALL,2025-10-17,NVDA,0.0,3.29,6254.0,100.0,0.5775075987841947,0.02631283058960429,买Call，看涨,2.6312830589604292,57.750759878419466,6254.0,3245826.0,<=5M
CORZ251017C00013000,13.0,5.3,4.95,5.05,6066.0,7256.0,0.960937890625,True,CALL,2025-10-17,CORZ,0.0,4.25,6066.0,100.0,0.24705882352941172,0.032602454503461456,买Call，看涨,3.2602454503461455,24.70588235294117,6066.0,3214980.0,<=5M
BA260220C00255000,255.0,6.49,6.3,6.4,4902.0,228.0,0.3560245062255859,False,CALL,2026-02-20,BA,0.0,7.2,4902.0,100.0,-0.09861111111111111,-0.014879287360854533,卖Call，看跌,-1.4879287360854534,-9.86111111111111,4902.0,3181398.0,<=5M
CORZ271217C00022000,22.0,6.9,6.4,9.45,4540.0,815.0,0.8957529956054686,False,CALL,2027-12-17,CORZ,0.0,6.45,4540.0,100.0,0.06976744186046514,0.032602454503461456,买Call，看涨,3.2602454503461455,6.976744186046514,4540.0,3132600.0,<=5M
NVDA260320C00230000,230.0,7.9,7.8,7.85,3965.0,21960.0,0.4133969793701171,False,CALL,2026-03-20,NVDA,0.0,6.23,3965.0,100.0,0.26805778491171744,0.02631283058960429,买Call，看涨,2.6312830589604292,26.805778491171743,3965.0,3132350.0,<=5M
INTC260116C00035000,35.0,3.68,3.6,3.7,8493.0,101824.0,0.594730615234375,False,CALL,2026-01-16,INTC,0.0,4.56,8493.0,100.0,-0.19298245614035078,-0.03189963186179467,卖Call，看跌,-3.1899631861794666,-19.29824561403508,8493.0,3125424.0,<=5M
TSLA251003C00460000,460.0,3.15,3.1,3.2,9897.0,11185.0,0.6206092626953126,False,CALL,2025-10-03,TSLA,0.0,5.85,9897.0,100.0,-0.4615384615384615,-0.01841114555048675,卖Call，看跌,-1.841114555048675,-46.15384615384615,9897.0,3117555.0,<=5M
NVDA251010C00177500,177.5,10.05,10.05,10.1,3089.0,5398.0,0.3161689477539062,True,CALL,2025-10-10,NVDA,0.0,7.08,3089.0,100.0,0.4194915254237289,0.02631283058960429,买Call，看涨,2.6312830589604292,41.94915254237289,3089.0,3104445.0,<=5M
HOOD251003P00140000,140.0,4.0,3.95,4.1,7616.0,866.0,0.5888712988281251,True,PUT,2025-10-03,HOOD,0.0,5.81,7616.0,100.0,-0.31153184165232356,0.01568903052449743,卖Put，看涨,1.5689030524497432,-31.153184165232357,7616.0,3046400.0,<=5M
CRWV251003C00138000,138.0,5.2,4.9,5.15,5789.0,972.0,0.9150399121093752,False,CALL,2025-10-03,CRWV,0.0,0.56,5789.0,100.0,8.285714285714286,0.12246978178698084,买Call，看涨,12.246978178698084,828.5714285714287,5789.0,3010280.0,<=5M
NVDA251003P00190000,190.0,5.3,5.25,5.35,5549.0,3406.0,0.4323787231445312,True,PUT,2025-10-03,NVDA,0.0,8.45,5549.0,100.0,-0.37278106508875736,0.02631283058960429,卖Put，看涨,2.6312830589604292,-37.27810650887574,5549.0,2940970.0,<=5M
INTC260116C00040000,40.0,2.38,2.33,2.36,12337.0,101519.0,0.6259803027343751,False,CALL,2026-01-16,INTC,0.0,3.04,12337.0,100.0,-0.21710526315789477,-0.03189963186179467,卖Call，看跌,-3.1899631861794666,-21.710526315789476,12337.0,2936206.0,<=5M
HOOD251003C00142000,142.0,2.37,2.3,2.35,12166.0,1667.0,0.6279334082031252,False,CALL,2025-10-03,HOOD,0.0,1.91,12166.0,100.0,0.24083769633507865,0.01568903052449743,买Call，看涨,1.5689030524497432,24.083769633507863,12166.0,2883342.0,<=5M
HOOD251003C00141000,141.0,2.76,2.7,2.76,10335.0,12333.0,0.6333044482421876,False,CALL,2025-10-03,HOOD,0.0,2.21,10335.0,100.0,0.2488687782805429,0.01568903052449743,买Call，看涨,1.5689030524497432,24.886877828054292,10335.0,2852460.0,<=5M
NVDA251121C00210000,210.0,3.95,3.9,3.95,7123.0,36090.0,0.407232490234375,False,CALL,2025-11-21,NVDA,0.0,2.79,7123.0,100.0,0.41577060931899645,0.02631283058960429,买Call，看涨,2.6312830589604292,41.577060931899645,7123.0,2813585.0,<=5M
NVDA251024P00180000,180.0,4.23,4.25,4.3,6630.0,21709.0,0.3725648681640625,False,PUT,2025-10-24,NVDA,0.0,5.45,6630.0,100.0,-0.22385321100917427,0.02631283058960429,卖Put，看涨,2.6312830589604292,-22.385321100917427,6630.0,2804490.0,<=5M
BA251010P00215000,215.0,5.47,5.5,5.65,5090.0,839.0,0.3404606970214844,True,PUT,2025-10-10,BA,0.0,3.85,5090.0,100.0,0.4207792207792207,-0.014879287360854533,买Put，看跌,-1.4879287360854534,42.07792207792207,5090.0,2784230.0,<=5M
AMZN251003P00220000,220.0,3.32,3.3,3.35,8349.0,10376.0,0.2955392712402344,True,PUT,2025-10-03,AMZN,0.0,1.9,8349.0,100.0,0.7473684210526316,-0.015303568998991846,买Put，看跌,-1.5303568998991846,74.73684210526315,8349.0,2771868.0,<=5M
NVDA251017P00170000,170.0,1.26,1.26,1.27,21424.0,93522.0,0.4079649047851562,False,PUT,2025-10-17,NVDA,0.0,1.75,21424.0,100.0,-0.27999999999999997,0.02631283058960429,卖Put，看涨,2.6312830589604292,-27.999999999999996,21424.0,2699424.0,<=5M
CRWV251017C00145000,145.0,7.17,7.05,7.5,3695.0,17662.0,0.8481460498046874,False,CALL,2025-10-17,CRWV,0.0,2.67,3695.0,100.0,1.6853932584269664,0.12246978178698084,买Call，看涨,12.246978178698084,168.53932584269666,3695.0,2649315.0,<=5M
NVDA251031C00190000,190.0,6.5,6.4,6.45,4017.0,33998.0,0.3609683044433593,False,CALL,2025-10-31,NVDA,0.0,4.5,4017.0,100.0,0.4444444444444444,0.02631283058960429,买Call，看涨,2.6312830589604292,44.44444444444444,4017.0,2611050.0,<=5M
CRWV251010C00140000,140.0,7.2,6.95,7.15,3609.0,2029.0,0.8569350244140624,False,CALL,2025-10-10,CRWV,0.0,2.14,3609.0,100.0,2.364485981308411,0.12246978178698084,买Call，看涨,12.246978178698084,236.4485981308411,3609.0,2598480.0,<=5M
AMZN251003C00225000,225.0,0.73,0.71,0.73,35477.0,37144.0,0.30274134765625,False,CALL,2025-10-03,AMZN,0.0,1.8,35477.0,100.0,-0.5944444444444444,-0.015303568998991846,卖Call，看跌,-1.5303568998991846,-59.44444444444444,35477.0,2589821.0,<=5M
NVDA251024C00195000,195.0,3.6,3.4,3.45,7160.0,9936.0,0.3433903552246093,False,CALL,2025-10-24,NVDA,0.0,2.05,7160.0,100.0,0.75609756097561,0.02631283058960429,买Call，看涨,2.6312830589604292,75.609756097561,7160.0,2577600.0,<=5M
CRWV251003P00140000,140.0,5.11,5.1,5.35,5040.0,110.0,0.6655306884765627,True,PUT,2025-10-03,CRWV,0.0,17.58,5040.0,100.0,-0.7093287827076223,0.12246978178698084,卖Put，看涨,12.246978178698084,-70.93287827076223,5040.0,2575440.0,<=5M
TSLA251010C00460000,460.0,7.6,7.6,7.7,3349.0,3367.0,0.5598188549804688,False,CALL,2025-10-10,TSLA,0.0,10.86,3349.0,100.0,-0.3001841620626151,-0.01841114555048675,卖Call，看跌,-1.841114555048675,-30.018416206261513,3349.0,2545240.0,<=5M
BMNR251121C00065000,65.0,6.0,6.05,6.25,4209.0,48405.0,1.3647492700195314,False,CALL,2025-11-21,BMNR,0.0,7.24,4209.0,100.0,-0.17127071823204423,-0.02901448793823384,卖Call，看跌,-2.901448793823384,-17.127071823204425,4209.0,2525400.0,<=5M
AMZN251010C00220000,220.0,3.99,4.0,4.05,6311.0,4089.0,0.3044503149414062,False,CALL,2025-10-10,AMZN,0.0,5.8,6311.0,100.0,-0.31206896551724134,-0.015303568998991846,卖Call，看跌,-1.5303568998991846,-31.206896551724135,6311.0,2518089.0000000005,<=5M
BA260220P00180000,180.0,4.95,4.9,5.0,5086.0,329.0,0.3411931115722656,False,PUT,2026-02-20,BA,0.0,4.6,5086.0,100.0,0.07608695652173925,-0.014879287360854533,买Put，看跌,-1.4879287360854534,7.608695652173925,5086.0,2517570.0,<=5M
CRWV251003C00141000,141.0,3.79,3.65,3.85,6517.0,864.0,0.9135750830078124,False,CALL,2025-10-03,CRWV,0.0,0.47,6517.0,100.0,7.063829787234043,0.12246978178698084,买Call，看涨,12.246978178698084,706.3829787234043,6517.0,2469943.0,<=5M
CRWV251003P00135000,135.0,3.0,2.78,3.05,8233.0,1820.0,0.711916943359375,False,PUT,2025-10-03,CRWV,0.0,12.92,8233.0,100.0,-0.7678018575851393,0.12246978178698084,卖Put，看涨,12.246978178698084,-76.78018575851394,8233.0,2469900.0,<=5M
CRWV251003C00139000,139.0,4.71,4.35,4.75,5190.0,338.0,0.911133701171875,False,CALL,2025-10-03,CRWV,0.0,0.46,5190.0,100.0,9.239130434782608,0.12246978178698084,买Call，看涨,12.246978178698084,923.9130434782608,5190.0,2444490.0,<=5M
AMZN251003C00222500,222.5,1.32,1.3,1.31,17670.0,15561.0,0.3012765185546875,False,CALL,2025-10-03,AMZN,0.0,2.82,17670.0,100.0,-0.5319148936170213,-0.015303568998991846,卖Call，看跌,-1.5303568998991846,-53.191489361702125,17670.0,2332440.0,<=5M
AMZN251003C00217500,217.5,3.5,3.45,3.5,6592.0,2924.0,0.3076241113281249,True,CALL,2025-10-03,AMZN,0.0,5.84,6592.0,100.0,-0.4006849315068493,-0.015303568998991846,卖Call，看跌,-1.5303568998991846,-40.06849315068493,6592.0,2307200.0,<=5M
AMZN251017C00220000,220.0,5.3,5.25,5.35,4347.0,13875.0,0.3051827294921875,False,CALL,2025-10-17,AMZN,0.0,7.1,4347.0,100.0,-0.2535211267605634,-0.015303568998991846,卖Call，看跌,-1.5303568998991846,-25.352112676056336,4347.0,2303910.0,<=5M
U251003C00042000,42.0,0.63,0.63,0.65,35092.0,393.0,0.7578149218750001,False,CALL,2025-10-03,U,0.0,1.88,35092.0,100.0,-0.6648936170212766,-0.06031672648859593,卖Call，看跌,-6.031672648859593,-66.48936170212765,35092.0,2210796.0,<=5M
TSLA251017C00500000,500.0,4.45,4.45,4.55,4935.0,20880.0,0.5894206097412109,False,CALL,2025-10-17,TSLA,0.0,6.2,4935.0,100.0,-0.282258064516129,-0.01841114555048675,卖Call，看跌,-1.841114555048675,-28.2258064516129,4935.0,2196075.0,<=5M
META251003C00750000,750.0,3.05,3.0,3.1,7191.0,3102.0,0.2913889221191405,False,CALL,2025-10-03,META,0.0,6.7,7191.0,100.0,-0.5447761194029851,-0.012873294336735725,卖Call，看跌,-1.2873294336735726,-54.47761194029851,7191.0,2193255.0,<=5M
ORCL251003C00280000,280.0,5.2,5.1,5.3,4199.0,1697.0,0.5258836474609375,False,CALL,2025-10-03,ORCL,0.0,7.5,4199.0,100.0,-0.30666666666666664,-0.01662191273414869,卖Call，看跌,-1.662191273414869,-30.666666666666664,4199.0,2183480.0,<=5M
HOOD251017C00150000,150.0,3.8,3.6,3.65,5742.0,8659.0,0.6254920263671876,False,CALL,2025-10-17,HOOD,0.0,3.1,5742.0,100.0,0.22580645161290314,0.01568903052449743,买Call，看涨,1.5689030524497432,22.580645161290313,5742.0,2181960.0,<=5M
HOOD251010C00140000,140.0,5.8,5.5,5.65,3740.0,4104.0,0.6355016918945313,False,CALL,2025-10-10,HOOD,0.0,4.46,3740.0,100.0,0.3004484304932735,0.01568903052449743,买Call，看涨,1.5689030524497432,30.04484304932735,3740.0,2169200.0,<=5M
META251003P00725000,725.0,5.0,5.05,5.2,4244.0,2045.0,0.2904123693847655,False,PUT,2025-10-03,META,0.0,2.9,4244.0,100.0,0.7241379310344828,-0.012873294336735725,买Put，看跌,-1.2873294336735726,72.41379310344827,4244.0,2122000.0,<=5M
NVDA251024C00190000,190.0,5.24,5.2,5.2,4022.0,8936.0,0.3437565625,False,CALL,2025-10-24,NVDA,0.0,3.4,4022.0,100.0,0.5411764705882354,0.02631283058960429,买Call，看涨,2.6312830589604292,54.117647058823536,4022.0,2107528.0000000005,<=5M
MU251003C00165000,165.0,3.69,3.75,3.85,5555.0,10012.0,0.4890187817382813,True,CALL,2025-10-03,MU,0.0,2.96,5555.0,100.0,0.24662162162162163,0.012385593989582316,买Call，看涨,1.2385593989582315,24.66216216216216,5555.0,2049795.0,<=5M
GOOGL251003C00242500,242.5,2.11,2.1,2.12,9673.0,820.0,0.2658764819335937,False,CALL,2025-10-03,GOOGL,0.0,4.42,9673.0,100.0,-0.5226244343891403,-0.011473071160601426,卖Call，看跌,-1.1473071160601427,-52.26244343891403,9673.0,2041003.0,<=5M
AMZN251003P00217500,217.5,2.04,2.02,2.03,9927.0,7214.0,0.2885813330078124,False,PUT,2025-10-03,AMZN,0.0,1.13,9927.0,100.0,0.8053097345132746,-0.015303568998991846,买Put，看跌,-1.5303568998991846,80.53097345132745,9927.0,2025108.0000000002,<=5M
