contractSymbol,strike,lastPrice_new,signal_type,stock_price_change_pct,option_type,volume_change_abs,volume_new,amount_threshold,amount_to_market_cap_pct,openInterest_new,amount_tier,expiry_date,股票价格(new),股票价格(old),股票价格(new open),股票价格(new high),股票价格(new low),bid,ask,impliedVolatility,inTheMoney,symbol,volume_old,lastPrice_old,openInterest_old,volume_change,volume_change_pct,option_price_change,stock_price_change,market_cap,option_price_change_pct,amount_to_market_cap
NVDA260828P00225000,225.0,8.08,买 Put，看跌,-3.5212214501662182,PUT,176195.0,196497.0,142365560.0,0.0027697579766536966,29145.0,>50M,2026-08-28,217.5500030517578,225.4900054931641,227.3300018310547,229.25999450683597,216.82000732421875,8.0,8.1,0.6357458300781251,True,NVDA,20302.0,0.76,29145.0,176195.0,867.8701605753128,9.631578947368421,-0.03521221450166218,5140000000000,963.1578947368421,2.7697579766536967e-05
NVDA260828P00222500,222.5,5.55,买 Put，看跌,-3.5212214501662182,PUT,204664.0,216894.0,113588520.0,0.002209893385214008,20450.0,>50M,2026-08-28,217.5500030517578,225.4900054931641,227.3300018310547,229.25999450683597,216.82000732421875,5.45,5.6,0.508793974609375,True,NVDA,12230.0,0.26,20450.0,204664.0,1673.4587080948486,20.346153846153847,-0.03521221450166218,5140000000000,2034.6153846153848,2.2098933852140078e-05
NVDA260828P00220000,220.0,2.88,买 Put，看跌,-3.5212214501662182,PUT,281606.0,297475.0,81102528.0,0.0015778701945525293,36397.0,>50M,2026-08-28,217.5500030517578,225.4900054931641,227.3300018310547,229.25999450683597,216.82000732421875,2.82,2.88,0.2856516748046874,True,NVDA,15869.0,0.1,36397.0,281606.0,1774.5667653916441,27.799999999999997,-0.03521221450166218,5140000000000,2779.9999999999995,1.5778701945525293e-05
TSLA260828P00352500,352.5,5.1,买 Put，看跌,-1.5080901446294828,PUT,80370.0,86446.0,40988700.0,0.0027453918285331546,5173.0,10M-50M,2026-08-28,348.75,354.0899963378906,357.0950012207031,358.79998779296875,345.20001220703125,5.0,5.3,0.418951123046875,True,TSLA,6076.0,1.25,5173.0,80370.0,1322.7452271231073,3.0799999999999996,-0.015080901446294828,1493000000000,307.99999999999994,2.7453918285331546e-05
NVDA270115C00200000,200.0,31.25,卖 Call，看跌,-3.5212214501662182,CALL,12364.0,22495.0,38637500.0,0.0007517023346303502,273177.0,10M-50M,2027-01-15,217.5500030517578,225.4900054931641,227.3300018310547,229.25999450683597,216.82000732421875,31.25,31.45,0.4175473284912109,True,NVDA,10131.0,39.0,273177.0,12364.0,122.04125950054289,-0.1987179487179487,-0.03521221450166218,5140000000000,-19.871794871794872,7.517023346303502e-06
AMZN261120C00295000,295.0,8.6,买 Call，看涨,2.571700741397979,CALL,44888.0,44940.0,38603680.0,0.001731106726457399,3235.0,10M-50M,2026-11-20,266.42999267578125,259.75,258.32000732421875,267.5599975585937,257.7799987792969,8.45,8.65,0.3658510681152344,False,AMZN,52.0,6.15,3235.0,44888.0,86323.07692307692,0.39837398373983723,0.025717007413979788,2230000000000,39.837398373983724,1.731106726457399e-05
TSLA260828P00350000,350.0,2.75,买 Put，看跌,-1.5080901446294828,PUT,139454.0,146492.0,38349850.0,0.0025686436704621565,8014.0,10M-50M,2026-08-28,348.75,354.0899963378906,357.0950012207031,358.79998779296875,345.20001220703125,2.64,2.8,0.2900461621093749,True,TSLA,7038.0,0.65,8014.0,139454.0,1981.4435919295254,3.230769230769231,-0.015080901446294828,1493000000000,323.0769230769231,2.5686436704621566e-05
TSLA260828P00355000,355.0,7.67,买 Put，看跌,-1.5080901446294828,PUT,39624.0,51848.0,30391608.0,0.0020356066979236435,4986.0,10M-50M,2026-08-28,348.75,354.0899963378906,357.0950012207031,358.79998779296875,345.20001220703125,7.5,7.9,0.514653291015625,True,TSLA,12224.0,2.14,4986.0,39624.0,324.14921465968587,2.58411214953271,-0.015080901446294828,1493000000000,258.411214953271,2.0356066979236437e-05
AMZN260828C00260000,260.0,6.2,买 Call，看涨,2.571700741397979,CALL,44999.0,66134.0,27899380.0,0.001251093273542601,15440.0,10M-50M,2026-08-28,266.42999267578125,259.75,258.32000732421875,267.5599975585937,257.7799987792969,5.75,6.2,1.0000000000000004e-05,True,AMZN,21135.0,0.7,15440.0,44999.0,212.91223089661696,7.857142857142858,0.025717007413979788,2230000000000,785.7142857142858,1.2510932735426009e-05
NVDA260828P00227500,227.5,10.45,买 Put，看跌,-3.5212214501662182,PUT,22884.0,37806.0,23913780.0,0.00046524863813229573,15174.0,10M-50M,2026-08-28,217.5500030517578,225.4900054931641,227.3300018310547,229.25999450683597,216.82000732421875,10.25,10.45,0.6826203613281252,True,NVDA,14922.0,1.9,15174.0,22884.0,153.35745878568557,4.5,-0.03521221450166218,5140000000000,450.0,4.652486381322957e-06
NVDA260831P00225000,225.0,8.2,买 Put，看跌,-3.5212214501662182,PUT,26995.0,29801.0,22135899.999999996,0.0004306595330739299,6349.0,10M-50M,2026-08-31,217.5500030517578,225.4900054931641,227.3300018310547,229.25999450683597,216.82000732421875,8.1,8.25,0.3523013989257812,True,NVDA,2806.0,1.7,6349.0,26995.0,962.0456165359943,3.8235294117647056,-0.03521221450166218,5140000000000,382.35294117647055,4.306595330739299e-06
NVDA260831P00220000,220.0,3.88,买 Put，看跌,-3.5212214501662182,PUT,55517.0,57194.0,21540596.0,0.0004190777431906615,5363.0,10M-50M,2026-08-31,217.5500030517578,225.4900054931641,227.3300018310547,229.25999450683597,216.82000732421875,3.8,3.9,0.2719799365234374,True,NVDA,1677.0,0.49,5363.0,55517.0,3310.494931425164,6.918367346938775,-0.03521221450166218,5140000000000,691.8367346938776,4.190777431906615e-06
NVDA260831P00240000,240.0,22.68,买 Put，看跌,-3.5212214501662182,PUT,9496.0,9498.0,21536928.0,0.0004190063813229572,160.0,10M-50M,2026-08-31,217.5500030517578,225.4900054931641,227.3300018310547,229.25999450683597,216.82000732421875,22.7,23.05,0.6210975390625001,True,NVDA,2.0,13.3,160.0,9496.0,474800.0,0.7052631578947367,-0.03521221450166218,5140000000000,70.52631578947367,4.190063813229572e-06
AMZN260828C00262500,262.5,3.35,买 Call，看涨,2.571700741397979,CALL,63557.0,73108.0,21291595.0,0.0009547800448430493,11933.0,10M-50M,2026-08-28,266.42999267578125,259.75,258.32000732421875,267.5599975585937,257.7799987792969,3.3,3.55,1.0000000000000004e-05,True,AMZN,9551.0,0.2,11933.0,63557.0,665.4486441210344,15.749999999999998,0.025717007413979788,2230000000000,1574.9999999999998,9.547800448430493e-06
AVGO260904C00370000,370.0,14.37,卖 Call，看跌,-1.1773253912178783,CALL,14020.0,14125.0,20146740.0,0.001007337,11371.0,10M-50M,2026-09-04,368.7900085449219,373.18359375,373.5199890136719,376.5899963378906,365.3512878417969,14.25,14.6,0.6888458850097658,False,AVGO,105.0,18.21,11371.0,14020.0,13352.380952380952,-0.21087314662273485,-0.011773253912178783,2000000000000,-21.087314662273485,1.007337e-05
TSLA260828P00357500,357.5,10.12,买 Put，看跌,-1.5080901446294828,PUT,18379.0,25042.0,18599548.0,0.0012457835231078367,1099.0,10M-50M,2026-08-28,348.75,354.0899963378906,357.0950012207031,358.79998779296875,345.20001220703125,10.0,10.4,0.6167030517578126,True,TSLA,6663.0,3.3,1099.0,18379.0,275.83671019060483,2.0666666666666664,-0.015080901446294828,1493000000000,206.66666666666663,1.2457835231078366e-05
NVDA261002P00200000,200.0,2.73,买 Put，看跌,-3.5212214501662182,PUT,66341.0,66370.0,18111093.0,0.00035235589494163425,1453.0,10M-50M,2026-10-02,217.5500030517578,225.4900054931641,227.3300018310547,229.25999450683597,216.82000732421875,2.67,2.75,0.3408879388427734,False,NVDA,29.0,1.63,1453.0,66341.0,228762.06896551725,0.6748466257668713,-0.03521221450166218,5140000000000,67.48466257668713,3.5235589494163426e-06
NVDA260831P00235000,235.0,17.59,买 Put，看跌,-3.5212214501662182,PUT,9911.0,10063.0,17433449.0,0.0003391721595330739,143.0,10M-50M,2026-08-31,217.5500030517578,225.4900054931641,227.3300018310547,229.25999450683597,216.82000732421875,17.75,18.05,0.524418818359375,True,NVDA,152.0,8.28,143.0,9911.0,6520.394736842106,1.1243961352657006,-0.03521221450166218,5140000000000,112.43961352657006,3.3917215953307394e-06
AAPL260828C00317500,317.5,2.2,买 Call，看涨,1.052570452710052,CALL,75262.0,109690.0,16557640.000000002,0.00039226818289504864,13684.0,10M-50M,2026-08-28,319.70001220703125,316.3699951171875,317.0880126953125,322.3699951171875,315.4504089355469,2.15,2.4,0.135750830078125,True,AAPL,34428.0,0.64,13684.0,75262.0,218.60694783315907,2.4375,0.01052570452710052,4221000000000,243.75,3.9226818289504865e-06
NVDA270617C00220000,220.0,32.35,卖 Call，看跌,-3.5212214501662182,CALL,4692.0,4725.0,15178620.000000002,0.0002953038910505837,12653.0,10M-50M,2027-06-17,217.5500030517578,225.4900054931641,227.3300018310547,229.25999450683597,216.82000732421875,32.3,32.5,0.4329890686035156,False,NVDA,33.0,40.15,12653.0,4692.0,14218.181818181818,-0.19427148194271476,-0.03521221450166218,5140000000000,-19.427148194271478,2.953038910505837e-06
NVDA260904C00225000,225.0,1.47,卖 Call，看跌,-3.5212214501662182,CALL,100274.0,101411.0,14740278.0,0.0002867758365758755,60417.0,10M-50M,2026-09-04,217.5500030517578,225.4900054931641,227.3300018310547,229.25999450683597,216.82000732421875,1.45,1.48,0.3209296423339843,False,NVDA,1137.0,5.5,60417.0,100274.0,8819.173262972736,-0.7327272727272728,-0.03521221450166218,5140000000000,-73.27272727272728,2.8677583657587547e-06
NVDA260828P00217500,217.5,0.55,买 Put，看跌,-3.5212214501662182,PUT,249277.0,251899.0,13710235.0,0.00026673608949416344,13608.0,10M-50M,2026-08-28,217.5500030517578,225.4900054931641,227.3300018310547,229.25999450683597,216.82000732421875,0.53,0.55,0.1264735791015624,False,NVDA,2622.0,0.05,13608.0,249277.0,9507.131960335622,10.0,-0.03521221450166218,5140000000000,1000.0,2.667360894941634e-06
NVDA260904P00220000,220.0,5.7,买 Put，看跌,-3.5212214501662182,PUT,22775.0,23767.0,12981750.0,0.00025256322957198444,14613.0,10M-50M,2026-09-04,217.5500030517578,225.4900054931641,227.3300018310547,229.25999450683597,216.82000732421875,5.7,5.75,0.3419255261230468,True,NVDA,992.0,1.82,14613.0,22775.0,2295.8669354838707,2.131868131868132,-0.03521221450166218,5140000000000,213.1868131868132,2.5256322957198445e-06
NVDA260831P00222500,222.5,5.8,买 Put，看跌,-3.5212214501662182,PUT,21258.0,22452.0,12329640.0,0.00023987626459143967,1980.0,10M-50M,2026-08-31,217.5500030517578,225.4900054931641,227.3300018310547,229.25999450683597,216.82000732421875,5.75,5.85,0.2915109912109374,True,NVDA,1194.0,0.92,1980.0,21258.0,1780.4020100502512,5.304347826086956,-0.03521221450166218,5140000000000,530.4347826086956,2.3987626459143968e-06
NVDA260918C00220000,220.0,5.5,卖 Call，看跌,-3.5212214501662182,CALL,22147.0,22694.0,12180850.0,0.0002369815175097276,46198.0,10M-50M,2026-09-18,217.5500030517578,225.4900054931641,227.3300018310547,229.25999450683597,216.82000732421875,5.5,5.6,0.315314464111328,False,NVDA,547.0,11.52,46198.0,22147.0,4048.811700182815,-0.5225694444444444,-0.03521221450166218,5140000000000,-52.25694444444444,2.369815175097276e-06
TSLA260828P00360000,360.0,12.65,买 Put，看跌,-1.5080901446294828,PUT,9486.0,11197.0,11999790.0,0.0008037367716008039,2016.0,10M-50M,2026-08-28,348.75,354.0899963378906,357.0950012207031,358.79998779296875,345.20001220703125,12.5,12.85,0.7077665942382813,True,TSLA,1711.0,5.2,2016.0,9486.0,554.4126241963764,1.4326923076923077,-0.015080901446294828,1493000000000,143.26923076923077,8.037367716008038e-06
NVDA260831P00230000,230.0,12.85,买 Put，看跌,-3.5212214501662182,PUT,8806.0,9310.0,11315710.0,0.00022015,1365.0,10M-50M,2026-08-31,217.5500030517578,225.4900054931641,227.3300018310547,229.25999450683597,216.82000732421875,12.9,13.3,0.4975636181640626,True,NVDA,504.0,4.35,1365.0,8806.0,1747.2222222222222,1.9540229885057472,-0.03521221450166218,5140000000000,195.4022988505747,2.2015e-06
TSLA260831P00350000,350.0,4.72,买 Put，看跌,-1.5080901446294828,PUT,23973.0,24847.0,11315256.0,0.0007578872069658406,1451.0,10M-50M,2026-08-31,348.75,354.0899963378906,357.0950012207031,358.79998779296875,345.20001220703125,4.7,4.8,0.284064776611328,True,TSLA,874.0,1.89,1451.0,23973.0,2742.9061784897026,1.4973544973544974,-0.015080901446294828,1493000000000,149.73544973544975,7.578872069658406e-06
NVDA260831P00245000,245.0,27.8,买 Put，看跌,-3.5212214501662182,PUT,4034.0,4067.0,11214520.0,0.00021818132295719844,16.0,10M-50M,2026-08-31,217.5500030517578,225.4900054931641,227.3300018310547,229.25999450683597,216.82000732421875,27.8,28.25,0.7690452783203126,True,NVDA,33.0,18.46,16.0,4034.0,12224.242424242424,0.5059588299024919,-0.03521221450166218,5140000000000,50.59588299024919,2.1818132295719844e-06
MRVL260828P00230000,230.0,11.95,买 Put，看跌,-2.5463396136371346,PUT,9368.0,10469.0,11194760.0,0.015548277777777779,8441.0,10M-50M,2026-08-28,216.6199951171875,222.27999877929688,225.30799865722656,228.8800048828125,215.5500030517578,11.9,12.4,1.0000000000000004e-05,True,MRVL,1101.0,6.98,8441.0,9368.0,850.8628519527703,0.7120343839541545,-0.025463396136371344,72000000000,71.20343839541545,0.00015548277777777778
TSLA260831P00355000,355.0,8.46,买 Put，看跌,-1.5080901446294828,PUT,12646.0,14023.0,10698516.000000002,0.0007165784326858674,864.0,10M-50M,2026-08-31,348.75,354.0899963378906,357.0950012207031,358.79998779296875,345.20001220703125,8.5,8.65,0.3337468969726562,True,TSLA,1377.0,3.61,864.0,12646.0,918.3732752360204,1.3434903047091418,-0.015080901446294828,1493000000000,134.3490304709142,7.165784326858675e-06
TSLA260902P00355000,355.0,9.97,买 Put，看跌,-1.5080901446294828,PUT,10557.0,10852.0,10525329.0,0.0007049784996651038,559.0,10M-50M,2026-09-02,348.75,354.0899963378906,357.0950012207031,358.79998779296875,345.20001220703125,10.15,10.35,0.3762269409179687,True,TSLA,295.0,5.44,559.0,10557.0,3578.6440677966098,0.8327205882352942,-0.015080901446294828,1493000000000,83.27205882352942,7.049784996651038e-06
NVDA261120C00210000,210.0,20.35,卖 Call，看跌,-3.5212214501662182,CALL,5124.0,5145.0,10427340.0,0.00020286653696498054,14197.0,10M-50M,2026-11-20,217.5500030517578,225.4900054931641,227.3300018310547,229.25999450683597,216.82000732421875,20.2,20.3,0.3953307537841797,True,NVDA,21.0,28.0,14197.0,5124.0,24400.0,-0.2732142857142857,-0.03521221450166218,5140000000000,-27.32142857142857,2.0286653696498054e-06
AAPL260828C00315000,315.0,4.65,买 Call，看涨,1.052570452710052,CALL,22223.0,31973.0,10333695.000000002,0.000244816275764037,16295.0,10M-50M,2026-08-28,319.70001220703125,316.3699951171875,317.0880126953125,322.3699951171875,315.4504089355469,4.55,4.8,0.192390888671875,True,AAPL,9750.0,1.73,16295.0,22223.0,227.92820512820512,1.6878612716763008,0.01052570452710052,4221000000000,168.78612716763007,2.44816275764037e-06
TSLA260904C00350000,350.0,6.0,卖 Call，看跌,-1.5080901446294828,CALL,16979.0,17673.0,10187400.0,0.0006823442732752847,3203.0,10M-50M,2026-09-04,348.75,354.0899963378906,357.0950012207031,358.79998779296875,345.20001220703125,6.0,6.1,0.3250189569091796,False,TSLA,694.0,11.55,3203.0,16979.0,2446.541786743516,-0.48051948051948057,-0.015080901446294828,1493000000000,-48.05194805194806,6.8234427327528465e-06
AMZN261016C00270000,270.0,10.5,买 Call，看涨,2.571700741397979,CALL,9660.0,9775.0,10143000.0,0.00045484304932735424,14274.0,10M-50M,2026-10-16,266.42999267578125,259.75,258.32000732421875,267.5599975585937,257.7799987792969,10.25,10.55,0.3095161822509765,False,AMZN,115.0,7.18,14274.0,9660.0,8400.0,0.46239554317548753,0.025717007413979788,2230000000000,46.23955431754875,4.548430493273542e-06
NVDA260831P00227500,227.5,10.55,买 Put，看跌,-3.5212214501662182,PUT,9590.0,12796.0,10117450.0,0.00019683754863813232,1979.0,10M-50M,2026-08-31,217.5500030517578,225.4900054931641,227.3300018310547,229.25999450683597,216.82000732421875,10.4,10.65,0.4038145556640625,True,NVDA,3206.0,2.81,1979.0,9590.0,299.12663755458516,2.7544483985765127,-0.03521221450166218,5140000000000,275.4448398576513,1.968375486381323e-06
AMD261002P00410000,410.0,6.1,卖 Put，看涨/对冲,-2.1212240777506284,PUT,16443.0,16513.0,10030229.999999998,0.0038577807692307684,224.0,10M-50M,2026-10-02,465.5799865722656,475.6700134277344,472.5199890136719,478.75,465.2900085449219,5.9,6.45,0.4569146105957031,False,AMD,70.0,7.18,224.0,16443.0,23490.0,-0.15041782729805014,-0.021212240777506285,260000000000,-15.041782729805014,3.857780769230768e-05
NVDA260904C00220000,220.0,2.94,卖 Call，看跌,-3.5212214501662182,CALL,33837.0,36449.0,9948078.0,0.00019354237354085604,18428.0,5M-10M,2026-09-04,217.5500030517578,225.4900054931641,227.3300018310547,229.25999450683597,216.82000732421875,2.92,2.96,0.3148261877441405,False,NVDA,2612.0,9.2,18428.0,33837.0,1295.4441041347627,-0.6804347826086957,-0.03521221450166218,5140000000000,-68.04347826086958,1.9354237354085604e-06
AMZN261120C00285000,285.0,11.68,买 Call，看涨,2.571700741397979,CALL,8464.0,8471.0,9885952.0,0.0004433162331838565,21559.0,5M-10M,2026-11-20,266.42999267578125,259.75,258.32000732421875,267.5599975585937,257.7799987792969,11.55,11.8,0.3718934881591796,False,AMZN,7.0,8.53,21559.0,8464.0,120914.28571428571,0.3692848769050411,0.025717007413979788,2230000000000,36.928487690504106,4.433162331838565e-06
AMZN260831C00260000,260.0,6.5,买 Call，看涨,2.571700741397979,CALL,15058.0,18059.0,9787700.0,0.00043891031390134533,3931.0,5M-10M,2026-08-31,266.42999267578125,259.75,258.32000732421875,267.5599975585937,257.7799987792969,6.3,6.5,0.137703935546875,True,AMZN,3001.0,1.5,3931.0,15058.0,501.7660779740087,3.3333333333333335,0.025717007413979788,2230000000000,333.33333333333337,4.389103139013453e-06
TSLA260828C00345000,345.0,2.24,卖 Call，看跌,-1.5080901446294828,CALL,41163.0,41851.0,9220512.000000002,0.0006175828533154723,3060.0,5M-10M,2026-08-28,348.75,354.0899963378906,357.0950012207031,358.79998779296875,345.20001220703125,2.25,2.33,1.0000000000000004e-05,True,TSLA,688.0,11.41,3060.0,41163.0,5982.994186046512,-0.803680981595092,-0.015080901446294828,1493000000000,-80.3680981595092,6.1758285331547236e-06
TSLA260828P00347500,347.5,0.58,买 Put，看跌,-1.5080901446294828,PUT,151244.0,154353.0,8772151.999999998,0.0005875520428667112,4307.0,5M-10M,2026-08-28,348.75,354.0899963378906,357.0950012207031,358.79998779296875,345.20001220703125,0.6,0.65,0.161141201171875,False,TSLA,3109.0,0.37,4307.0,151244.0,4864.715342553876,0.5675675675675674,-0.015080901446294828,1493000000000,56.756756756756744,5.875520428667112e-06
NVDA261120P00215000,215.0,13.7,买 Put，看跌,-3.5212214501662182,PUT,6402.0,6458.0,8770740.0,0.00017063696498054474,17124.0,5M-10M,2026-11-20,217.5500030517578,225.4900054931641,227.3300018310547,229.25999450683597,216.82000732421875,13.55,13.75,0.3605410626220703,False,NVDA,56.0,9.75,17124.0,6402.0,11432.142857142857,0.4051282051282051,-0.03521221450166218,5140000000000,40.51282051282051,1.7063696498054474e-06
NVDA260828C00210000,210.0,6.9,卖 Call，看跌,-3.5212214501662182,CALL,12452.0,12701.0,8591880.0,0.00016715719844357976,20371.0,5M-10M,2026-08-28,217.5500030517578,225.4900054931641,227.3300018310547,229.25999450683597,216.82000732421875,6.95,7.2,1.0000000000000004e-05,True,NVDA,249.0,16.85,20371.0,12452.0,5000.803212851405,-0.5905044510385756,-0.03521221450166218,5140000000000,-59.05044510385756,1.6715719844357976e-06
AMZN260828C00265000,265.0,0.97,买 Call，看涨,2.571700741397979,CALL,88095.0,91191.0,8545215.0,0.0003831934977578475,12969.0,5M-10M,2026-08-28,266.42999267578125,259.75,258.32000732421875,267.5599975585937,257.7799987792969,0.95,0.95,1.0000000000000004e-05,True,AMZN,3096.0,0.06,12969.0,88095.0,2845.4457364341083,15.166666666666666,0.025717007413979788,2230000000000,1516.6666666666665,3.831934977578475e-06
TSLA260831P00360000,360.0,12.65,买 Put，看跌,-1.5080901446294828,PUT,6735.0,7741.0,8519775.0,0.0005706480241125251,435.0,5M-10M,2026-08-31,348.75,354.0899963378906,357.0950012207031,358.79998779296875,345.20001220703125,12.8,13.15,0.398443515625,True,TSLA,1006.0,6.7,435.0,6735.0,669.48310139165,0.8880597014925373,-0.015080901446294828,1493000000000,88.80597014925374,5.706480241125251e-06
NVDA270115C00230000,230.0,16.1,卖 Call，看跌,-3.5212214501662182,CALL,5254.0,5466.0,8458940.0,0.00016457081712062258,39797.0,5M-10M,2027-01-15,217.5500030517578,225.4900054931641,227.3300018310547,229.25999450683597,216.82000732421875,15.95,16.2,0.3950560983276368,False,NVDA,212.0,20.99,39797.0,5254.0,2478.301886792453,-0.23296808003811326,-0.03521221450166218,5140000000000,-23.296808003811325,1.6457081712062257e-06
NVDA270319P00205000,205.0,16.6,买 Put，看跌,-3.5212214501662182,PUT,4911.0,4916.0,8152260.000000001,0.00015860428015564205,6428.0,5M-10M,2027-03-19,217.5500030517578,225.4900054931641,227.3300018310547,229.25999450683597,216.82000732421875,16.75,17.05,0.3627688235473633,False,NVDA,5.0,13.63,6428.0,4911.0,98220.0,0.21790168745414532,-0.03521221450166218,5140000000000,21.790168745414533,1.5860428015564205e-06
NVDA260918C00225000,225.0,3.69,卖 Call，看跌,-3.5212214501662182,CALL,21968.0,22731.0,8106192.0,0.00015770801556420233,45851.0,5M-10M,2026-09-18,217.5500030517578,225.4900054931641,227.3300018310547,229.25999450683597,216.82000732421875,3.65,3.7,0.3131172204589844,False,NVDA,763.0,8.7,45851.0,21968.0,2879.1612057667103,-0.5758620689655173,-0.03521221450166218,5140000000000,-57.58620689655173,1.5770801556420233e-06
NVDA260828P00230000,230.0,13.0,买 Put，看跌,-3.5212214501662182,PUT,6191.0,8185.0,8048300.0,0.0001565817120622568,12830.0,5M-10M,2026-08-28,217.5500030517578,225.4900054931641,227.3300018310547,229.25999450683597,216.82000732421875,12.95,13.2,0.90429783203125,True,NVDA,1994.0,3.52,12830.0,6191.0,310.481444332999,2.6931818181818183,-0.03521221450166218,5140000000000,269.3181818181818,1.5658171206225681e-06
TSLA260831P00352500,352.5,6.38,买 Put，看跌,-1.5080901446294828,PUT,12585.0,13541.0,8029230.0,0.0005377916945746819,668.0,5M-10M,2026-08-31,348.75,354.0899963378906,357.0950012207031,358.79998779296875,345.20001220703125,6.45,6.55,0.3022530712890625,True,TSLA,956.0,2.7,668.0,12585.0,1316.4225941422594,1.3629629629629627,-0.015080901446294828,1493000000000,136.29629629629628,5.3779169457468185e-06
TSLA260904P00350000,350.0,8.47,买 Put，看跌,-1.5080901446294828,PUT,9276.0,9784.0,7856772.0,0.0005262405894172807,1854.0,5M-10M,2026-09-04,348.75,354.0899963378906,357.0950012207031,358.79998779296875,345.20001220703125,8.4,8.5,0.3809876354980468,True,TSLA,508.0,5.2,1854.0,9276.0,1825.9842519685042,0.6288461538461539,-0.015080901446294828,1493000000000,62.884615384615394,5.262405894172807e-06
NVDA260831P00217500,217.5,2.24,买 Put，看跌,-3.5212214501662182,PUT,34472.0,35096.0,7721728.000000001,0.0001502281712062257,2423.0,5M-10M,2026-08-31,217.5500030517578,225.4900054931641,227.3300018310547,229.25999450683597,216.82000732421875,2.21,2.26,0.2514723291015625,False,NVDA,624.0,0.28,2423.0,34472.0,5524.358974358975,7.0,-0.03521221450166218,5140000000000,700.0,1.502281712062257e-06
TSLA260831P00347500,347.5,3.3,买 Put，看跌,-1.5080901446294828,PUT,23281.0,23851.0,7682730.0,0.0005145833891493637,1189.0,5M-10M,2026-08-31,348.75,354.0899963378906,357.0950012207031,358.79998779296875,345.20001220703125,3.25,3.3,0.2678295874023437,False,TSLA,570.0,1.28,1189.0,23281.0,4084.3859649122805,1.5781249999999996,-0.015080901446294828,1493000000000,157.81249999999994,5.1458338914936366e-06
NVDA260904P00225000,225.0,9.3,买 Put，看跌,-3.5212214501662182,PUT,8165.0,8856.0,7593450.0,0.00014773249027237354,6259.0,5M-10M,2026-09-04,217.5500030517578,225.4900054931641,227.3300018310547,229.25999450683597,216.82000732421875,9.15,9.4,0.3658510681152344,True,NVDA,691.0,3.6,6259.0,8165.0,1181.6208393632417,1.5833333333333335,-0.03521221450166218,5140000000000,158.33333333333334,1.4773249027237354e-06
TSLA260831C00347500,347.5,3.09,卖 Call，看跌,-1.5080901446294828,CALL,23997.0,24077.0,7415073.0,0.0004966559276624247,513.0,5M-10M,2026-08-31,348.75,354.0899963378906,357.0950012207031,358.79998779296875,345.20001220703125,3.05,3.1,0.1667563793945313,True,TSLA,80.0,10.3,513.0,23997.0,29996.249999999996,-0.7000000000000001,-0.015080901446294828,1493000000000,-70.0,4.9665592766242464e-06
AAPL260828P00320000,320.0,0.5,卖 Put，看涨,1.052570452710052,PUT,148121.0,150387.0,7406050.0,0.00017545723762141672,3410.0,5M-10M,2026-08-28,319.70001220703125,316.3699951171875,317.0880126953125,322.3699951171875,315.4504089355469,0.47,0.5,0.0493259130859375,True,AAPL,2266.0,4.5,3410.0,148121.0,6536.672550750221,-0.8888888888888888,0.01052570452710052,4221000000000,-88.88888888888889,1.7545723762141673e-06
TSLA260831P00357500,357.5,10.45,买 Put，看跌,-1.5080901446294828,PUT,7070.0,7712.0,7388150.0,0.0004948526456798393,401.0,5M-10M,2026-08-31,348.75,354.0899963378906,357.0950012207031,358.79998779296875,345.20001220703125,10.1,10.75,0.3564517480468749,True,TSLA,642.0,4.9,401.0,7070.0,1101.2461059190032,1.1326530612244894,-0.015080901446294828,1493000000000,113.26530612244893,4.9485264567983925e-06
NVDA260918P00220000,220.0,8.3,买 Put，看跌,-3.5212214501662182,PUT,8881.0,9062.0,7371230.0,0.0001434091439688716,18249.0,5M-10M,2026-09-18,217.5500030517578,225.4900054931641,227.3300018310547,229.25999450683597,216.82000732421875,8.25,8.35,0.3294744787597655,True,NVDA,181.0,4.25,18249.0,8881.0,4906.629834254144,0.9529411764705884,-0.03521221450166218,5140000000000,95.29411764705884,1.4340914396887158e-06
NVDA261016C00220000,220.0,9.85,卖 Call，看跌,-3.5212214501662182,CALL,7345.0,7633.0,7234825.0,0.00014075535019455253,104356.0,5M-10M,2026-10-16,217.5500030517578,225.4900054931641,227.3300018310547,229.25999450683597,216.82000732421875,9.8,9.9,0.3432682861328124,False,NVDA,288.0,15.8,104356.0,7345.0,2550.347222222222,-0.3765822784810127,-0.03521221450166218,5140000000000,-37.65822784810127,1.4075535019455254e-06
NVDA260831C00220000,220.0,0.99,卖 Call，看跌,-3.5212214501662182,CALL,72846.0,73075.0,7211753.999999999,0.0001403064980544747,7133.0,5M-10M,2026-08-31,217.5500030517578,225.4900054931641,227.3300018310547,229.25999450683597,216.82000732421875,0.98,0.99,0.2165605688476562,False,NVDA,229.0,7.46,7133.0,72846.0,31810.480349344976,-0.8672922252010724,-0.03521221450166218,5140000000000,-86.72922252010724,1.403064980544747e-06
AMZN260904C00260000,260.0,7.93,买 Call，看涨,2.571700741397979,CALL,8913.0,10355.0,7068009.0,0.0003169510762331838,6971.0,5M-10M,2026-09-04,266.42999267578125,259.75,258.32000732421875,267.5599975585937,257.7799987792969,7.8,8.05,0.2603833728027344,True,AMZN,1442.0,3.55,6971.0,8913.0,618.0998613037448,1.2338028169014086,0.025717007413979788,2230000000000,123.38028169014086,3.1695107623318385e-06
NVDA261016C00230000,230.0,6.1,卖 Call，看跌,-3.5212214501662182,CALL,11062.0,13029.0,6747820.0,0.0001312805447470817,35570.0,5M-10M,2026-10-16,217.5500030517578,225.4900054931641,227.3300018310547,229.25999450683597,216.82000732421875,6.0,6.15,0.3422917333984374,False,NVDA,1967.0,10.35,35570.0,11062.0,562.3792577529232,-0.4106280193236715,-0.03521221450166218,5140000000000,-41.06280193236715,1.312805447470817e-06
AMZN260828C00257500,257.5,8.62,买 Call，看涨,2.571700741397979,CALL,7709.0,13506.0,6645157.999999999,0.0002979891479820627,4985.0,5M-10M,2026-08-28,266.42999267578125,259.75,258.32000732421875,267.5599975585937,257.7799987792969,8.05,9.1,0.43164630859375,True,AMZN,5797.0,2.06,4985.0,7709.0,132.9825771951009,3.184466019417475,0.025717007413979788,2230000000000,318.44660194174753,2.9798914798206273e-06
NVDA260918C00200000,200.0,18.85,卖 Call，看跌,-3.5212214501662182,CALL,3516.0,3534.0,6627660.000000001,0.00012894280155642025,42383.0,5M-10M,2026-09-18,217.5500030517578,225.4900054931641,227.3300018310547,229.25999450683597,216.82000732421875,18.6,18.85,0.3292303405761718,True,NVDA,18.0,29.25,42383.0,3516.0,19533.333333333336,-0.3555555555555555,-0.03521221450166218,5140000000000,-35.55555555555555,1.2894280155642025e-06
NVDA270115P00190000,190.0,7.85,买 Put，看跌,-3.5212214501662182,PUT,8412.0,8427.0,6603420.0,0.00012847120622568094,36477.0,5M-10M,2027-01-15,217.5500030517578,225.4900054931641,227.3300018310547,229.25999450683597,216.82000732421875,7.8,7.9,0.367621069946289,False,NVDA,15.0,6.05,36477.0,8412.0,56079.99999999999,0.29752066115702475,-0.03521221450166218,5140000000000,29.752066115702476,1.2847120622568093e-06
TSLA260831C00345000,345.0,4.47,卖 Call，看跌,-1.5080901446294828,CALL,14769.0,15031.0,6601742.999999999,0.00044217970529135956,891.0,5M-10M,2026-08-31,348.75,354.0899963378906,357.0950012207031,358.79998779296875,345.20001220703125,4.45,4.55,0.1505211901855469,True,TSLA,262.0,11.99,891.0,14769.0,5637.022900763359,-0.6271893244370309,-0.015080901446294828,1493000000000,-62.71893244370309,4.421797052913596e-06
NVDA261016P00220000,220.0,11.9,买 Put，看跌,-3.5212214501662182,PUT,5511.0,6345.0,6558090.000000001,0.00012758929961089496,52588.0,5M-10M,2026-10-16,217.5500030517578,225.4900054931641,227.3300018310547,229.25999450683597,216.82000732421875,11.75,11.95,0.3308782733154296,True,NVDA,834.0,7.8,52588.0,5511.0,660.7913669064749,0.5256410256410258,-0.03521221450166218,5140000000000,52.564102564102576,1.2758929961089495e-06
NVDA260831C00207500,207.5,9.71,卖 Call，看跌,-3.5212214501662182,CALL,6741.0,6742.0,6545511.000000001,0.0001273445719844358,943.0,5M-10M,2026-08-31,217.5500030517578,225.4900054931641,227.3300018310547,229.25999450683597,216.82000732421875,9.65,9.9,1.0000000000000004e-05,True,NVDA,1.0,20.15,943.0,6741.0,674100.0,-0.5181141439205954,-0.03521221450166218,5140000000000,-51.81141439205954,1.2734457198443581e-06
NVDA260918C00210000,210.0,11.0,卖 Call，看跌,-3.5212214501662182,CALL,5876.0,6071.0,6463600.0,0.0001257509727626459,67238.0,5M-10M,2026-09-18,217.5500030517578,225.4900054931641,227.3300018310547,229.25999450683597,216.82000732421875,11.0,11.1,0.3178779150390625,True,NVDA,195.0,19.25,67238.0,5876.0,3013.3333333333335,-0.42857142857142855,-0.03521221450166218,5140000000000,-42.857142857142854,1.257509727626459e-06
NVDA261016C00240000,240.0,3.6,卖 Call，看跌,-3.5212214501662182,CALL,17937.0,20816.0,6457320.0,0.00012562879377431906,28934.0,5M-10M,2026-10-16,217.5500030517578,225.4900054931641,227.3300018310547,229.25999450683597,216.82000732421875,3.55,3.65,0.3430241479492187,False,NVDA,2879.0,6.5,28934.0,17937.0,623.0288294546717,-0.4461538461538461,-0.03521221450166218,5140000000000,-44.61538461538461,1.2562879377431906e-06
NVDA260831C00200000,200.0,17.0,卖 Call，看跌,-3.5212214501662182,CALL,3758.0,3861.0,6388600.0,0.0001242918287937743,1379.0,5M-10M,2026-08-31,217.5500030517578,225.4900054931641,227.3300018310547,229.25999450683597,216.82000732421875,17.1,17.35,1.0000000000000004e-05,True,NVDA,103.0,27.32,1379.0,3758.0,3648.5436893203882,-0.37774524158125916,-0.03521221450166218,5140000000000,-37.774524158125914,1.2429182879377431e-06
NVDA260831P00232500,232.5,15.21,买 Put，看跌,-3.5212214501662182,PUT,4169.0,4218.0,6341049.000000001,0.00012336671206225684,103.0,5M-10M,2026-08-31,217.5500030517578,225.4900054931641,227.3300018310547,229.25999450683597,216.82000732421875,14.65,16.3,0.6530796411132813,True,NVDA,49.0,6.07,103.0,4169.0,8508.163265306122,1.5057660626029654,-0.03521221450166218,5140000000000,150.57660626029653,1.2336671206225683e-06
TSLA260831C00350000,350.0,2.03,卖 Call，看跌,-1.5080901446294828,CALL,30694.0,32519.0,6230881.999999999,0.0004173397186872069,2677.0,5M-10M,2026-08-31,348.75,354.0899963378906,357.0950012207031,358.79998779296875,345.20001220703125,2.03,2.07,0.1815267395019531,False,TSLA,1825.0,7.9,2677.0,30694.0,1681.86301369863,-0.7430379746835444,-0.015080901446294828,1493000000000,-74.30379746835443,4.173397186872069e-06
MRVL260918P00215000,215.0,10.25,买 Put，看跌,-2.5463396136371346,PUT,6077.0,6274.0,6228925.0,0.008651284722222222,2695.0,5M-10M,2026-09-18,216.6199951171875,222.27999877929688,225.30799865722656,228.8800048828125,215.5500030517578,10.05,10.45,0.5227098510742187,False,MRVL,197.0,8.35,2695.0,6077.0,3084.771573604061,0.22754491017964076,-0.025463396136371344,72000000000,22.754491017964078,8.651284722222222e-05
AMZN260918C00270000,270.0,5.54,买 Call，看涨,2.571700741397979,CALL,11172.0,11471.0,6189288.0,0.0002775465470852018,26171.0,5M-10M,2026-09-18,266.42999267578125,259.75,258.32000732421875,267.5599975585937,257.7799987792969,5.5,5.6,0.275825112915039,False,AMZN,299.0,2.81,26171.0,11172.0,3736.4548494983273,0.9715302491103203,0.025717007413979788,2230000000000,97.15302491103202,2.775465470852018e-06
TSLA260831C00342500,342.5,6.2,卖 Call，看跌,-1.5080901446294828,CALL,9972.0,9979.0,6182640.0,0.00041410850636302746,450.0,5M-10M,2026-08-31,348.75,354.0899963378906,357.0950012207031,358.79998779296875,345.20001220703125,6.1,6.2,1.0000000000000004e-05,True,TSLA,7.0,13.99,450.0,9972.0,142457.14285714287,-0.5568263045032166,-0.015080901446294828,1493000000000,-55.68263045032166,4.1410850636302744e-06
AMZN260831C00265000,265.0,2.43,买 Call，看涨,2.571700741397979,CALL,25120.0,26065.0,6104160.000000001,0.0002737291479820628,2513.0,5M-10M,2026-08-31,266.42999267578125,259.75,258.32000732421875,267.5599975585937,257.7799987792969,2.41,2.46,0.148446015625,True,AMZN,945.0,0.39,2513.0,25120.0,2658.201058201058,5.230769230769231,0.025717007413979788,2230000000000,523.0769230769231,2.737291479820628e-06
TSLA260904P00355000,355.0,11.5,买 Put，看跌,-1.5080901446294828,PUT,5177.0,5474.0,5953550.0,0.00039876423308774276,1089.0,5M-10M,2026-09-04,348.75,354.0899963378906,357.0950012207031,358.79998779296875,345.20001220703125,11.55,11.7,0.3945983392333985,True,TSLA,297.0,7.36,1089.0,5177.0,1743.0976430976432,0.5624999999999999,-0.015080901446294828,1493000000000,56.249999999999986,3.987642330877428e-06
AAPL260918C00325000,325.0,5.28,买 Call，看涨,1.052570452710052,CALL,11111.0,11488.0,5866608.0,0.00013898621179815208,24747.0,5M-10M,2026-09-18,319.70001220703125,316.3699951171875,317.0880126953125,322.3699951171875,315.4504089355469,5.2,5.3,0.242622319946289,False,AAPL,377.0,4.19,24747.0,11111.0,2947.214854111406,0.2601431980906921,0.01052570452710052,4221000000000,26.014319809069207,1.389862117981521e-06
NVDA260904P00215000,215.0,3.08,买 Put，看跌,-3.5212214501662182,PUT,18814.0,19471.0,5794712.0,0.00011273758754863813,6038.0,5M-10M,2026-09-04,217.5500030517578,225.4900054931641,227.3300018310547,229.25999450683597,216.82000732421875,3.05,3.1,0.333014482421875,False,NVDA,657.0,0.92,6038.0,18814.0,2863.6225266362253,2.347826086956522,-0.03521221450166218,5140000000000,234.7826086956522,1.1273758754863814e-06
NVDA260918C00230000,230.0,2.39,卖 Call，看跌,-3.5212214501662182,CALL,24136.0,26774.0,5768504.0,0.00011222770428015563,54661.0,5M-10M,2026-09-18,217.5500030517578,225.4900054931641,227.3300018310547,229.25999450683597,216.82000732421875,2.36,2.39,0.3149482568359374,False,NVDA,2638.0,6.0,54661.0,24136.0,914.9355572403335,-0.6016666666666667,-0.03521221450166218,5140000000000,-60.16666666666667,1.1222770428015564e-06
NVDA260831C00210000,210.0,7.42,卖 Call，看跌,-3.5212214501662182,CALL,7760.0,7831.0,5757920.0,0.00011202178988326848,2280.0,5M-10M,2026-08-31,217.5500030517578,225.4900054931641,227.3300018310547,229.25999450683597,216.82000732421875,7.3,7.5,1.0000000000000004e-05,True,NVDA,71.0,17.41,2280.0,7760.0,10929.577464788732,-0.5738081562320505,-0.03521221450166218,5140000000000,-57.38081562320505,1.1202178988326849e-06
NVDA270115C00270000,270.0,5.84,卖 Call，看跌,-3.5212214501662182,CALL,9810.0,9882.0,5729040.0,0.00011145992217898833,25924.0,5M-10M,2027-01-15,217.5500030517578,225.4900054931641,227.3300018310547,229.25999450683597,216.82000732421875,5.75,5.85,0.3869690209960937,False,NVDA,72.0,8.58,25924.0,9810.0,13625.0,-0.31934731934731936,-0.03521221450166218,5140000000000,-31.934731934731936,1.1145992217898833e-06
AAPL270115C00360000,360.0,7.9,买 Call，看涨,1.052570452710052,CALL,7027.0,7048.0,5551330.0,0.00013151693911395403,12670.0,5M-10M,2027-01-15,319.70001220703125,316.3699951171875,317.0880126953125,322.3699951171875,315.4504089355469,7.65,7.95,0.2689282092285155,False,AAPL,21.0,7.25,12670.0,7027.0,33461.904761904756,0.08965517241379316,0.01052570452710052,4221000000000,8.965517241379315,1.3151693911395404e-06
NVDA260904C00222500,222.5,2.06,卖 Call，看跌,-3.5212214501662182,CALL,26463.0,26603.0,5451378.0,0.00010605793774319067,4764.0,5M-10M,2026-09-04,217.5500030517578,225.4900054931641,227.3300018310547,229.25999450683597,216.82000732421875,2.07,2.11,0.3171455004882812,False,NVDA,140.0,7.4,4764.0,26463.0,18902.14285714286,-0.7216216216216216,-0.03521221450166218,5140000000000,-72.16216216216216,1.0605793774319067e-06
NVDA261120C00220000,220.0,15.14,卖 Call，看跌,-3.5212214501662182,CALL,3594.0,3613.0,5441316.0,0.00010586217898832684,16679.0,5M-10M,2026-11-20,217.5500030517578,225.4900054931641,227.3300018310547,229.25999450683597,216.82000732421875,15.1,15.25,0.3909973010253906,False,NVDA,19.0,22.13,16679.0,3594.0,18915.78947368421,-0.31586082241301394,-0.03521221450166218,5140000000000,-31.586082241301394,1.0586217898832685e-06
AMZN260904C00265000,265.0,4.65,买 Call，看涨,2.571700741397979,CALL,11502.0,12806.0,5348430.0,0.00023983991031390134,4364.0,5M-10M,2026-09-04,266.42999267578125,259.75,258.32000732421875,267.5599975585937,257.7799987792969,4.65,4.75,0.2545240563964844,True,AMZN,1304.0,1.64,4364.0,11502.0,882.0552147239264,1.835365853658537,0.025717007413979788,2230000000000,183.5365853658537,2.3983991031390134e-06
NVDA261016C00225000,225.0,7.85,卖 Call，看跌,-3.5212214501662182,CALL,6764.0,6917.0,5309739.999999999,0.00010330233463035017,17410.0,5M-10M,2026-10-16,217.5500030517578,225.4900054931641,227.3300018310547,229.25999450683597,216.82000732421875,7.8,7.9,0.3440617352294921,False,NVDA,153.0,13.0,17410.0,6764.0,4420.915032679739,-0.3961538461538462,-0.03521221450166218,5140000000000,-39.61538461538462,1.0330233463035017e-06
MRVL261016C00250000,250.0,9.75,卖 Call，看跌,-2.5463396136371346,CALL,5418.0,6461.0,5282550.0,0.0073368750000000005,7297.0,5M-10M,2026-10-16,216.6199951171875,222.27999877929688,225.30799865722656,228.8800048828125,215.5500030517578,9.55,10.0,0.6605258557128908,False,MRVL,1043.0,12.63,7297.0,5418.0,519.4630872483222,-0.2280285035629454,-0.025463396136371344,72000000000,-22.80285035629454,7.336875e-05
AMZN260831C00257500,257.5,8.75,买 Call，看涨,2.571700741397979,CALL,6011.0,7313.0,5259625.0,0.00023585762331838564,956.0,5M-10M,2026-08-31,266.42999267578125,259.75,258.32000732421875,267.5599975585937,257.7799987792969,8.1,9.0,0.180672255859375,True,AMZN,1302.0,2.79,956.0,6011.0,461.6743471582181,2.1362007168458783,0.025717007413979788,2230000000000,213.62007168458783,2.3585762331838564e-06
NVDA261218C00230000,230.0,13.5,卖 Call，看跌,-3.5212214501662182,CALL,3875.0,4131.0,5231250.0,0.00010177529182879378,20999.0,5M-10M,2026-12-18,217.5500030517578,225.4900054931641,227.3300018310547,229.25999450683597,216.82000732421875,13.4,13.55,0.3859924682617187,False,NVDA,256.0,18.5,20999.0,3875.0,1513.671875,-0.2702702702702703,-0.03521221450166218,5140000000000,-27.027027027027028,1.0177529182879377e-06
TSLA260918C00350000,350.0,11.5,卖 Call，看跌,-1.5080901446294828,CALL,4472.0,4793.0,5142800.0,0.0003444608171466845,6121.0,5M-10M,2026-09-18,348.75,354.0899963378906,357.0950012207031,358.79998779296875,345.20001220703125,11.5,11.6,0.3570620935058594,False,TSLA,321.0,16.89,6121.0,4472.0,1393.146417445483,-0.31912374185908826,-0.015080901446294828,1493000000000,-31.912374185908828,3.4446081714668453e-06
NVDA260831C00205000,205.0,12.2,卖 Call，看跌,-3.5212214501662182,CALL,4208.0,4209.0,5133760.0,9.987859922178989e-05,657.0,5M-10M,2026-08-31,217.5500030517578,225.4900054931641,227.3300018310547,229.25999450683597,216.82000732421875,12.05,12.4,1.0000000000000004e-05,True,NVDA,1.0,23.25,657.0,4208.0,420800.0,-0.4752688172043011,-0.03521221450166218,5140000000000,-47.52688172043011,9.987859922178989e-07
NVDA260904C00230000,230.0,0.71,卖 Call，看跌,-3.5212214501662182,CALL,72006.0,75646.0,5112425.999999999,9.946354085603111e-05,34915.0,5M-10M,2026-09-04,217.5500030517578,225.4900054931641,227.3300018310547,229.25999450683597,216.82000732421875,0.7,0.72,0.3337468969726562,False,NVDA,3640.0,3.25,34915.0,72006.0,1978.1868131868134,-0.7815384615384615,-0.03521221450166218,5140000000000,-78.15384615384615,9.946354085603111e-07
NVDA270219P00205000,205.0,15.0,买 Put，看跌,-3.5212214501662182,PUT,3400.0,4825.0,5100000.0,9.922178988326847e-05,6836.0,5M-10M,2027-02-19,217.5500030517578,225.4900054931641,227.3300018310547,229.25999450683597,216.82000732421875,14.7,15.1,0.3560245062255859,False,NVDA,1425.0,11.92,6836.0,3400.0,238.59649122807016,0.25838926174496646,-0.03521221450166218,5140000000000,25.838926174496645,9.922178988326848e-07
AMZN261218C00280000,280.0,15.75,买 Call，看涨,2.571700741397979,CALL,3218.0,3243.0,5068350.0,0.00022728026905829597,9061.0,5M-10M,2026-12-18,266.42999267578125,259.75,258.32000732421875,267.5599975585937,257.7799987792969,15.8,16.05,0.3663393444824219,False,AMZN,25.0,12.0,9061.0,3218.0,12872.0,0.3125,0.025717007413979788,2230000000000,31.25,2.2728026905829597e-06
AMZN261016C00280000,280.0,6.74,买 Call，看涨,2.571700741397979,CALL,7424.0,7554.0,5003776.0,0.0002243845739910314,16606.0,5M-10M,2026-10-16,266.42999267578125,259.75,258.32000732421875,267.5599975585937,257.7799987792969,6.65,6.75,0.306800144958496,False,AMZN,130.0,4.25,16606.0,7424.0,5710.769230769231,0.5858823529411765,0.025717007413979788,2230000000000,58.58823529411765,2.243845739910314e-06
AMZN260918C00265000,265.0,8.02,买 Call，看涨,2.571700741397979,CALL,6182.0,6627.0,4957964.0,0.00022233022421524662,14278.0,<=5M,2026-09-18,266.42999267578125,259.75,258.32000732421875,267.5599975585937,257.7799987792969,7.8,7.95,0.2771678729248046,True,AMZN,445.0,4.3,14278.0,6182.0,1389.2134831460676,0.8651162790697674,0.025717007413979788,2230000000000,86.51162790697674,2.223302242152466e-06
AMZN260831C00252500,252.5,12.88,买 Call，看涨,2.571700741397979,CALL,3829.0,3941.0,4931752.0,0.000221154798206278,267.0,<=5M,2026-08-31,266.42999267578125,259.75,258.32000732421875,267.5599975585937,257.7799987792969,13.0,13.95,0.2187578124999999,True,AMZN,112.0,7.17,267.0,3829.0,3418.75,0.7963737796373781,0.025717007413979788,2230000000000,79.6373779637378,2.21154798206278e-06
NVDA260828C00215000,215.0,2.12,卖 Call，看跌,-3.5212214501662182,CALL,23042.0,23984.0,4884904.0,9.503704280155643e-05,27448.0,<=5M,2026-08-28,217.5500030517578,225.4900054931641,227.3300018310547,229.25999450683597,216.82000732421875,2.09,2.16,1.0000000000000004e-05,True,NVDA,942.0,12.16,27448.0,23042.0,2446.072186836518,-0.825657894736842,-0.03521221450166218,5140000000000,-82.5657894736842,9.503704280155643e-07
AAPL260831P00322500,322.5,3.45,卖 Put，看涨,1.052570452710052,PUT,14120.0,14123.0,4871400.0,0.00011540867093105899,35.0,<=5M,2026-08-31,319.70001220703125,316.3699951171875,317.0880126953125,322.3699951171875,315.4504089355469,3.35,3.6,0.1400232482910156,True,AAPL,3.0,5.85,35.0,14120.0,470666.6666666667,-0.4102564102564102,0.01052570452710052,4221000000000,-41.02564102564102,1.1540867093105899e-06
AAPL260904C00320000,320.0,3.92,买 Call，看涨,1.052570452710052,CALL,12223.0,15235.0,4791416.0,0.00011351376451077943,12408.0,<=5M,2026-09-04,319.70001220703125,316.3699951171875,317.0880126953125,322.3699951171875,315.4504089355469,3.8,4.0,0.2196122961425781,False,AAPL,3012.0,2.34,12408.0,12223.0,405.8100929614874,0.6752136752136753,0.01052570452710052,4221000000000,67.52136752136752,1.1351376451077943e-06
NVDA260911P00225000,225.0,10.35,买 Put，看跌,-3.5212214501662182,PUT,4624.0,4880.0,4785840.0,9.310972762645915e-05,1947.0,<=5M,2026-09-11,217.5500030517578,225.4900054931641,227.3300018310547,229.25999450683597,216.82000732421875,10.1,10.55,0.3419255261230468,True,NVDA,256.0,4.85,1947.0,4624.0,1806.25,1.1340206185567012,-0.03521221450166218,5140000000000,113.40206185567013,9.310972762645914e-07
NVDA270115C00260000,260.0,7.5,卖 Call，看跌,-3.5212214501662182,CALL,6276.0,6364.0,4707000.0,9.157587548638132e-05,43894.0,<=5M,2027-01-15,217.5500030517578,225.4900054931641,227.3300018310547,229.25999450683597,216.82000732421875,7.45,7.55,0.3861145373535155,False,NVDA,88.0,10.42,43894.0,6276.0,7131.818181818181,-0.2802303262955854,-0.03521221450166218,5140000000000,-28.023032629558543,9.157587548638133e-07
TSLA260904C00360000,360.0,2.75,卖 Call，看跌,-1.5080901446294828,CALL,16910.0,18596.0,4650250.0,0.00031147019423978566,8859.0,<=5M,2026-09-04,348.75,354.0899963378906,357.0950012207031,358.79998779296875,345.20001220703125,2.73,2.76,0.3341131042480468,False,TSLA,1686.0,6.25,8859.0,16910.0,1002.9655990510083,-0.56,-0.015080901446294828,1493000000000,-56.00000000000001,3.1147019423978565e-06
AMZN260904C00270000,270.0,2.34,买 Call，看涨,2.571700741397979,CALL,19780.0,21096.0,4628520.0,0.00020755695067264577,6880.0,<=5M,2026-09-04,266.42999267578125,259.75,258.32000732421875,267.5599975585937,257.7799987792969,2.37,2.41,0.2487868090820312,False,AMZN,1316.0,0.73,6880.0,19780.0,1503.0395136778116,2.2054794520547945,0.025717007413979788,2230000000000,220.54794520547944,2.0755695067264576e-06
TSLA260828C00347500,347.5,0.35,卖 Call，看跌,-1.5080901446294828,CALL,130857.0,131105.0,4579995.0,0.000306764567983925,3299.0,<=5M,2026-08-28,348.75,354.0899963378906,357.0950012207031,358.79998779296875,345.20001220703125,0.32,0.36,1.0000000000000004e-05,True,TSLA,248.0,8.7,3299.0,130857.0,52764.919354838705,-0.9597701149425287,-0.015080901446294828,1493000000000,-95.97701149425288,3.06764567983925e-06
NVDA261120C00225000,225.0,13.0,卖 Call，看跌,-3.5212214501662182,CALL,3485.0,3632.0,4530500.0,8.81420233463035e-05,11426.0,<=5M,2026-11-20,217.5500030517578,225.4900054931641,227.3300018310547,229.25999450683597,216.82000732421875,12.9,13.05,0.3880676428222656,False,NVDA,147.0,18.5,11426.0,3485.0,2370.7482993197277,-0.2972972972972973,-0.03521221450166218,5140000000000,-29.72972972972973,8.81420233463035e-07
AMZN260918C00260000,260.0,10.95,买 Call，看涨,2.571700741397979,CALL,3949.0,5869.0,4324155.0,0.00019390829596412556,22714.0,<=5M,2026-09-18,266.42999267578125,259.75,258.32000732421875,267.5599975585937,257.7799987792969,10.85,11.05,0.2868723657226562,True,AMZN,1920.0,6.4,22714.0,3949.0,205.67708333333331,0.7109374999999998,0.025717007413979788,2230000000000,71.09374999999997,1.9390829596412555e-06
TSLA260904C00345000,345.0,8.5,卖 Call，看跌,-1.5080901446294828,CALL,5050.0,5121.0,4292500.0,0.0002875083724045546,1864.0,<=5M,2026-09-04,348.75,354.0899963378906,357.0950012207031,358.79998779296875,345.20001220703125,8.5,8.6,0.3199530895996093,True,TSLA,71.0,15.26,1864.0,5050.0,7112.6760563380285,-0.4429882044560944,-0.015080901446294828,1493000000000,-44.29882044560944,2.875083724045546e-06
NVDA260831C00217500,217.5,1.89,卖 Call，看跌,-3.5212214501662182,CALL,22642.0,22688.0,4279338.0,8.325560311284046e-05,1759.0,<=5M,2026-08-31,217.5500030517578,225.4900054931641,227.3300018310547,229.25999450683597,216.82000732421875,1.9,1.92,0.2085040087890624,True,NVDA,46.0,9.54,1759.0,22642.0,49221.739130434784,-0.8018867924528302,-0.03521221450166218,5140000000000,-80.18867924528303,8.325560311284046e-07
NVDA261120P00210000,210.0,11.3,买 Put，看跌,-3.5212214501662182,PUT,3742.0,3873.0,4228460.000000001,8.226575875486383e-05,12762.0,<=5M,2026-11-20,217.5500030517578,225.4900054931641,227.3300018310547,229.25999450683597,216.82000732421875,11.25,11.45,0.3631350308227539,False,NVDA,131.0,8.2,12762.0,3742.0,2856.4885496183206,0.3780487804878051,-0.03521221450166218,5140000000000,37.80487804878051,8.226575875486383e-07
AAPL260831C00320000,320.0,1.6,买 Call，看涨,1.052570452710052,CALL,26297.0,31324.0,4207520.0,9.96806443970623e-05,4387.0,<=5M,2026-08-31,319.70001220703125,316.3699951171875,317.0880126953125,322.3699951171875,315.4504089355469,1.6,1.63,0.1329432409667968,False,AAPL,5027.0,0.75,4387.0,26297.0,523.1151780385917,1.1333333333333335,0.01052570452710052,4221000000000,113.33333333333336,9.96806443970623e-07
NVDA260902P00225000,225.0,8.8,买 Put，看跌,-3.5212214501662182,PUT,4761.0,5199.0,4189680.0000000005,8.151128404669262e-05,1738.0,<=5M,2026-09-02,217.5500030517578,225.4900054931641,227.3300018310547,229.25999450683597,216.82000732421875,8.15,8.75,0.3498600170898437,True,NVDA,438.0,2.7,1738.0,4761.0,1086.986301369863,2.2592592592592595,-0.03521221450166218,5140000000000,225.92592592592595,8.151128404669262e-07
NVDA260831P00215000,215.0,1.2,买 Put，看跌,-3.5212214501662182,PUT,34216.0,34619.0,4105919.9999999995,7.98817120622568e-05,5615.0,<=5M,2026-08-31,217.5500030517578,225.4900054931641,227.3300018310547,229.25999450683597,216.82000732421875,1.18,1.2,0.249030947265625,False,NVDA,403.0,0.17,5615.0,34216.0,8490.322580645161,6.0588235294117645,-0.03521221450166218,5140000000000,605.8823529411765,7.98817120622568e-07
NVDA260918P00215000,215.0,5.6,买 Put，看跌,-3.5212214501662182,PUT,7273.0,7421.0,4072879.9999999995,7.923891050583657e-05,19000.0,<=5M,2026-09-18,217.5500030517578,225.4900054931641,227.3300018310547,229.25999450683597,216.82000732421875,5.55,5.7,0.3258734405517578,False,NVDA,148.0,2.81,19000.0,7273.0,4914.189189189189,0.9928825622775799,-0.03521221450166218,5140000000000,99.28825622775798,7.923891050583657e-07
AAPL260828P00322500,322.5,2.41,卖 Put，看涨,1.052570452710052,PUT,16768.0,16772.0,4041088.0000000005,9.573769248993132e-05,39.0,<=5M,2026-08-28,319.70001220703125,316.3699951171875,317.0880126953125,322.3699951171875,315.4504089355469,2.52,3.05,0.170906728515625,True,AAPL,4.0,5.5,39.0,16768.0,419200.0,-0.5618181818181818,0.01052570452710052,4221000000000,-56.18181818181818,9.573769248993132e-07
AMZN260904P00267500,267.5,4.65,卖 Put，看涨,2.571700741397979,PUT,8678.0,8689.0,4035270.0000000005,0.00018095381165919285,164.0,<=5M,2026-09-04,266.42999267578125,259.75,258.32000732421875,267.5599975585937,257.7799987792969,4.6,4.7,0.2628247546386719,True,AMZN,11.0,9.56,164.0,8678.0,78890.90909090909,-0.5135983263598326,0.025717007413979788,2230000000000,-51.35983263598326,1.8095381165919284e-06
AAPL260904P00325000,325.0,6.8,卖 Put，看涨,1.052570452710052,PUT,5907.0,5908.0,4016760.0,9.516133617626156e-05,954.0,<=5M,2026-09-04,319.70001220703125,316.3699951171875,317.0880126953125,322.3699951171875,315.4504089355469,6.8,7.05,0.2013019323730468,True,AAPL,1.0,9.74,954.0,5907.0,590700.0,-0.3018480492813142,0.01052570452710052,4221000000000,-30.18480492813142,9.516133617626155e-07
AVGO260904C00375000,375.0,12.25,卖 Call，看跌,-1.1773253912178783,CALL,3264.0,3531.0,3998400.0,0.00019992,3606.0,<=5M,2026-09-04,368.7900085449219,373.18359375,373.5199890136719,376.5899963378906,365.3512878417969,12.25,12.5,0.6959258923339844,False,AVGO,267.0,15.51,3606.0,3264.0,1222.4719101123594,-0.21018697614442294,-0.011773253912178783,2000000000000,-21.018697614442296,1.9992e-06
NVDA260902P00220000,220.0,5.0,买 Put，看跌,-3.5212214501662182,PUT,7958.0,8427.0,3979000.0,7.74124513618677e-05,3546.0,<=5M,2026-09-02,217.5500030517578,225.4900054931641,227.3300018310547,229.25999450683597,216.82000732421875,5.0,5.1,0.334967587890625,True,NVDA,469.0,1.17,3546.0,7958.0,1696.8017057569296,3.273504273504274,-0.03521221450166218,5140000000000,327.35042735042737,7.74124513618677e-07
AAPL260918C00320000,320.0,7.55,买 Call，看涨,1.052570452710052,CALL,5242.0,6013.0,3957710.0,9.37623785832741e-05,34595.0,<=5M,2026-09-18,319.70001220703125,316.3699951171875,317.0880126953125,322.3699951171875,315.4504089355469,7.5,7.6,0.2473830145263671,False,AAPL,771.0,5.75,34595.0,5242.0,679.8962386511024,0.31304347826086953,0.01052570452710052,4221000000000,31.304347826086953,9.376237858327411e-07
NVDA260902P00222500,222.5,6.78,买 Put，看跌,-3.5212214501662182,PUT,5748.0,5951.0,3897144.0,7.581992217898832e-05,3073.0,<=5M,2026-09-02,217.5500030517578,225.4900054931641,227.3300018310547,229.25999450683597,216.82000732421875,6.65,6.75,0.334967587890625,True,NVDA,203.0,1.81,3073.0,5748.0,2831.527093596059,2.7458563535911606,-0.03521221450166218,5140000000000,274.58563535911605,7.581992217898832e-07
TSLA260831P00345000,345.0,2.18,买 Put，看跌,-1.5080901446294828,PUT,17852.0,18239.0,3891736.0,0.0002606655056932351,2684.0,<=5M,2026-08-31,348.75,354.0899963378906,357.0950012207031,358.79998779296875,345.20001220703125,2.16,2.18,0.2596509582519531,False,TSLA,387.0,0.84,2684.0,17852.0,4612.919896640827,1.5952380952380956,-0.015080901446294828,1493000000000,159.52380952380955,2.606655056932351e-06
BE260918C00210000,210.0,17.33,卖 Call，看跌,-4.0425436236726835,CALL,2233.0,3251.0,3869789.0,0.022763464705882353,8311.0,<=5M,2026-09-18,210.6649932861328,219.5399932861328,215.7050018310547,222.3999938964844,209.1199951171875,17.1,17.3,0.8200701586914061,True,BE,1018.0,24.4,8311.0,2233.0,219.35166994106092,-0.28975409836065574,-0.040425436236726835,17000000000,-28.975409836065573,0.00022763464705882354
AMZN260831P00265000,265.0,1.54,卖 Put，看涨,2.571700741397979,PUT,24942.0,25050.0,3841068.0,0.00017224520179372197,138.0,<=5M,2026-08-31,266.42999267578125,259.75,258.32000732421875,267.5599975585937,257.7799987792969,1.48,1.51,0.1937336486816406,False,AMZN,108.0,6.05,138.0,24942.0,23094.444444444445,-0.7454545454545455,0.025717007413979788,2230000000000,-74.54545454545455,1.7224520179372196e-06
AMZN260831C00262500,262.5,4.0,买 Call，看涨,2.571700741397979,CALL,9478.0,10581.0,3791200.0,0.00017000896860986547,1306.0,<=5M,2026-08-31,266.42999267578125,259.75,258.32000732421875,267.5599975585937,257.7799987792969,4.0,4.25,0.1408777319335937,True,AMZN,1103.0,0.81,1306.0,9478.0,859.2928377153218,3.9382716049382713,0.025717007413979788,2230000000000,393.82716049382714,1.7000896860986547e-06
AMD260904C00485000,485.0,5.76,卖 Call，看跌,-2.1212240777506284,CALL,6545.0,6728.0,3769919.9999999995,0.0014499692307692307,1282.0,<=5M,2026-09-04,465.5799865722656,475.6700134277344,472.5199890136719,478.75,465.2900085449219,5.8,6.1,0.4871877453613281,False,AMD,183.0,10.05,1282.0,6545.0,3576.502732240437,-0.4268656716417911,-0.021212240777506285,260000000000,-42.68656716417911,1.4499692307692307e-05
NVDA260904C00217500,217.5,3.95,卖 Call，看跌,-3.5212214501662182,CALL,9344.0,9372.0,3690880.0000000005,7.18070038910506e-05,2177.0,<=5M,2026-09-04,217.5500030517578,225.4900054931641,227.3300018310547,229.25999450683597,216.82000732421875,3.9,4.0,0.3093330786132812,True,NVDA,28.0,10.85,2177.0,9344.0,33371.42857142857,-0.6359447004608295,-0.03521221450166218,5140000000000,-63.594470046082954,7.180700389105059e-07
TSLA260831C00340000,340.0,8.06,卖 Call，看跌,-1.5080901446294828,CALL,4538.0,4571.0,3657628.0,0.0002449851306095111,2791.0,<=5M,2026-08-31,348.75,354.0899963378906,357.0950012207031,358.79998779296875,345.20001220703125,8.0,8.15,1.0000000000000004e-05,True,TSLA,33.0,16.6,2791.0,4538.0,13751.51515151515,-0.5144578313253012,-0.015080901446294828,1493000000000,-51.445783132530124,2.4498513060951106e-06
AAPL261016C00320000,320.0,11.83,买 Call，看涨,1.052570452710052,CALL,3086.0,3296.0,3650737.9999999995,8.64898839137645e-05,11820.0,<=5M,2026-10-16,319.70001220703125,316.3699951171875,317.0880126953125,322.3699951171875,315.4504089355469,11.95,12.1,0.2594068200683594,False,AAPL,210.0,9.92,11820.0,3086.0,1469.5238095238094,0.19254032258064518,0.01052570452710052,4221000000000,19.25403225806452,8.64898839137645e-07
TSLA260918C00360000,360.0,7.72,卖 Call，看跌,-1.5080901446294828,CALL,4722.0,5001.0,3645383.9999999995,0.00024416503683858,5448.0,<=5M,2026-09-18,348.75,354.0899963378906,357.0950012207031,358.79998779296875,345.20001220703125,7.6,7.7,0.3610903735351562,False,TSLA,279.0,11.8,5448.0,4722.0,1692.47311827957,-0.3457627118644068,-0.015080901446294828,1493000000000,-34.576271186440685,2.4416503683858e-06
NVDA260902C00220000,220.0,2.15,卖 Call，看跌,-3.5212214501662182,CALL,16889.0,18749.0,3631135.0,7.064464980544747e-05,3836.0,<=5M,2026-09-02,217.5500030517578,225.4900054931641,227.3300018310547,229.25999450683597,216.82000732421875,2.13,2.16,0.2894358166503905,False,NVDA,1860.0,8.76,3836.0,16889.0,908.010752688172,-0.754566210045662,-0.03521221450166218,5140000000000,-75.4566210045662,7.064464980544747e-07
AMZN260831C00267500,267.5,1.22,买 Call，看涨,2.571700741397979,CALL,29754.0,29803.0,3629987.9999999995,0.00016277973094170402,860.0,<=5M,2026-08-31,266.42999267578125,259.75,258.32000732421875,267.5599975585937,257.7799987792969,1.22,1.26,0.1562584375,False,AMZN,49.0,0.19,860.0,29754.0,60722.448979591834,5.421052631578948,0.025717007413979788,2230000000000,542.1052631578948,1.6277973094170403e-06
AMZN270115C00310000,310.0,9.27,买 Call，看涨,2.571700741397979,CALL,3861.0,3882.0,3579147.0,0.00016049986547085203,6989.0,<=5M,2027-01-15,266.42999267578125,259.75,258.32000732421875,267.5599975585937,257.7799987792969,9.1,9.35,0.3569400244140625,False,AMZN,21.0,6.84,6989.0,3861.0,18385.714285714286,0.3552631578947368,0.025717007413979788,2230000000000,35.52631578947368,1.6049986547085203e-06
AMZN261120C00300000,300.0,7.37,买 Call，看涨,2.571700741397979,CALL,4838.0,4849.0,3565606.0,0.0001598926457399103,11541.0,<=5M,2026-11-20,266.42999267578125,259.75,258.32000732421875,267.5599975585937,257.7799987792969,7.3,7.4,0.3644777908325196,False,AMZN,11.0,5.2,11541.0,4838.0,43981.818181818184,0.41730769230769227,0.025717007413979788,2230000000000,41.730769230769226,1.598926457399103e-06
AMZN260918P00270000,270.0,8.77,卖 Put，看涨,2.571700741397979,PUT,4029.0,4033.0,3533433.0,0.00015844991031390134,6098.0,<=5M,2026-09-18,266.42999267578125,259.75,258.32000732421875,267.5599975585937,257.7799987792969,8.9,9.1,0.2732006274414062,True,AMZN,4.0,13.85,6098.0,4029.0,100725.0,-0.3667870036101083,0.025717007413979788,2230000000000,-36.67870036101083,1.5844991031390134e-06
NVDA270115C00250000,250.0,9.72,卖 Call，看跌,-3.5212214501662182,CALL,3587.0,3755.0,3486564.0,6.783198443579767e-05,57489.0,<=5M,2027-01-15,217.5500030517578,225.4900054931641,227.3300018310547,229.25999450683597,216.82000732421875,9.65,9.8,0.3876404010009765,False,NVDA,168.0,13.21,57489.0,3587.0,2135.1190476190473,-0.26419379258137776,-0.03521221450166218,5140000000000,-26.419379258137777,6.783198443579767e-07
AAPL260831C00317500,317.5,3.13,买 Call，看涨,1.052570452710052,CALL,11023.0,14085.0,3450199.0,8.173890073442312e-05,2342.0,<=5M,2026-08-31,319.70001220703125,316.3699951171875,317.0880126953125,322.3699951171875,315.4504089355469,3.05,3.25,0.1469811865234375,True,AAPL,3062.0,1.47,2342.0,11023.0,359.9934683213586,1.129251700680272,0.01052570452710052,4221000000000,112.9251700680272,8.173890073442313e-07
NVDA261218P00195000,195.0,7.95,买 Put，看跌,-3.5212214501662182,PUT,4269.0,4276.0,3393855.0000000005,6.602830739299612e-05,6682.0,<=5M,2026-12-18,217.5500030517578,225.4900054931641,227.3300018310547,229.25999450683597,216.82000732421875,7.9,7.95,0.3698183135986328,False,NVDA,7.0,5.75,6682.0,4269.0,60985.71428571429,0.3826086956521739,-0.03521221450166218,5140000000000,38.26086956521739,6.602830739299611e-07
AAPL260918C00315000,315.0,10.4,买 Call，看涨,1.052570452710052,CALL,3256.0,3568.0,3386240.0,8.022364368633025e-05,11631.0,<=5M,2026-09-18,319.70001220703125,316.3699951171875,317.0880126953125,322.3699951171875,315.4504089355469,10.3,10.5,0.2551344018554688,True,AAPL,312.0,8.32,11631.0,3256.0,1043.5897435897436,0.25,0.01052570452710052,4221000000000,25.0,8.022364368633025e-07
AMZN261016C00275000,275.0,8.36,买 Call，看涨,2.571700741397979,CALL,3951.0,4023.0,3303036.0,0.0001481182062780269,25615.0,<=5M,2026-10-16,266.42999267578125,259.75,258.32000732421875,267.5599975585937,257.7799987792969,8.4,8.55,0.3095161822509765,False,AMZN,72.0,5.56,25615.0,3951.0,5487.5,0.5035971223021583,0.025717007413979788,2230000000000,50.35971223021583,1.481182062780269e-06
NVDA270115P00200000,200.0,11.1,买 Put，看跌,-3.5212214501662182,PUT,2973.0,3167.0,3300029.9999999995,6.420291828793773e-05,67908.0,<=5M,2027-01-15,217.5500030517578,225.4900054931641,227.3300018310547,229.25999450683597,216.82000732421875,10.95,11.2,0.3618533053588867,False,NVDA,194.0,8.58,67908.0,2973.0,1532.4742268041239,0.29370629370629364,-0.03521221450166218,5140000000000,29.370629370629363,6.420291828793774e-07
NVDA260904P00222500,222.5,7.4,买 Put，看跌,-3.5212214501662182,PUT,4444.0,4789.0,3288560.0,6.397976653696498e-05,2329.0,<=5M,2026-09-04,217.5500030517578,225.4900054931641,227.3300018310547,229.25999450683597,216.82000732421875,7.25,7.4,0.3461979443359374,True,NVDA,345.0,2.44,2329.0,4444.0,1288.1159420289855,2.032786885245902,-0.03521221450166218,5140000000000,203.27868852459022,6.397976653696498e-07
AMZN260902C00265000,265.0,3.7,买 Call，看涨,2.571700741397979,CALL,8853.0,9328.0,3275610.0,0.0001468883408071749,770.0,<=5M,2026-09-02,266.42999267578125,259.75,258.32000732421875,267.5599975585937,257.7799987792969,3.65,3.9,0.2304764453125,True,AMZN,475.0,1.05,770.0,8853.0,1863.7894736842106,2.523809523809524,0.025717007413979788,2230000000000,252.3809523809524,1.468883408071749e-06
AMD260828P00475000,475.0,5.83,买 Put，看跌,-2.1212240777506284,PUT,5556.0,5855.0,3239148.0,0.001245826153846154,2861.0,<=5M,2026-08-28,465.5799865722656,475.6700134277344,472.5199890136719,478.75,465.2900085449219,5.35,6.3,1.0000000000000004e-05,True,AMD,299.0,4.22,2861.0,5556.0,1858.1939799331103,0.3815165876777252,-0.021212240777506285,260000000000,38.151658767772524,1.2458261538461539e-05
AAPL260831P00320000,320.0,1.89,卖 Put，看涨,1.052570452710052,PUT,17119.0,17144.0,3235491.0,7.665223880597015e-05,71.0,<=5M,2026-08-31,319.70001220703125,316.3699951171875,317.0880126953125,322.3699951171875,315.4504089355469,1.9,1.93,0.1329432409667968,True,AAPL,25.0,4.89,71.0,17119.0,68476.0,-0.6134969325153374,0.01052570452710052,4221000000000,-61.34969325153374,7.665223880597015e-07
INTC261002C00110000,110.0,1.35,卖 Call，看跌,-3.4947663636771362,CALL,23864.0,23877.0,3221640.0,0.002221820689655172,540.0,<=5M,2026-10-02,89.47000122070312,92.70999908447266,90.2699966430664,93.6999969482422,89.05000305175781,1.36,1.38,0.6118202880859377,False,INTC,13.0,1.98,540.0,23864.0,183569.23076923075,-0.3181818181818181,-0.03494766363677136,145000000000,-31.818181818181813,2.2218206896551723e-05
AMZN261218C00300000,300.0,9.51,买 Call，看涨,2.571700741397979,CALL,3382.0,3488.0,3216282.0,0.0001442278923766816,14824.0,<=5M,2026-12-18,266.42999267578125,259.75,258.32000732421875,267.5599975585937,257.7799987792969,9.3,9.6,0.3591372680664062,False,AMZN,106.0,6.94,14824.0,3382.0,3190.566037735849,0.37031700288184427,0.025717007413979788,2230000000000,37.031700288184425,1.4422789237668162e-06
NVDA260904P00227500,227.5,11.3,买 Put，看跌,-3.5212214501662182,PUT,2783.0,3418.0,3144790.0,6.118268482490273e-05,2613.0,<=5M,2026-09-04,217.5500030517578,225.4900054931641,227.3300018310547,229.25999450683597,216.82000732421875,11.2,11.4,0.3729310754394531,True,NVDA,635.0,4.61,2613.0,2783.0,438.267716535433,1.4511930585683297,-0.03521221450166218,5140000000000,145.11930585683297,6.118268482490273e-07
NVDA260918P00225000,225.0,11.48,买 Put，看跌,-3.5212214501662182,PUT,2734.0,3525.0,3138632.0,6.106287937743191e-05,13008.0,<=5M,2026-09-18,217.5500030517578,225.4900054931641,227.3300018310547,229.25999450683597,216.82000732421875,11.3,11.45,0.3283758569335937,True,NVDA,791.0,6.0,13008.0,2734.0,345.63843236409605,0.9133333333333334,-0.03521221450166218,5140000000000,91.33333333333334,6.106287937743191e-07
AMZN260918C00275000,275.0,3.77,买 Call，看涨,2.571700741397979,CALL,8241.0,8474.0,3106857.0,0.0001393209417040359,18652.0,<=5M,2026-09-18,266.42999267578125,259.75,258.32000732421875,267.5599975585937,257.7799987792969,3.75,3.8,0.2752758020019531,False,AMZN,233.0,1.76,18652.0,8241.0,3536.9098712446353,1.1420454545454544,0.025717007413979788,2230000000000,114.20454545454544,1.3932094170403588e-06
TSLA260904C00355000,355.0,4.11,卖 Call，看跌,-1.5080901446294828,CALL,7463.0,8206.0,3067293.0000000005,0.00020544494306764906,2872.0,<=5M,2026-09-04,348.75,354.0899963378906,357.0950012207031,358.79998779296875,345.20001220703125,4.05,4.15,0.3283758569335937,False,TSLA,743.0,8.75,2872.0,7463.0,1004.4414535666218,-0.5302857142857142,-0.015080901446294828,1493000000000,-53.028571428571425,2.0544494306764906e-06
AMD260918P00435000,435.0,7.45,卖 Put，看涨/对冲,-2.1212240777506284,PUT,4113.0,4172.0,3064185.0,0.0011785326923076922,101.0,<=5M,2026-09-18,465.5799865722656,475.6700134277344,472.5199890136719,478.75,465.2900085449219,7.15,7.6,0.4340571731567383,False,AMD,59.0,8.05,101.0,4113.0,6971.186440677967,-0.07453416149068329,-0.021212240777506285,260000000000,-7.453416149068329,1.1785326923076922e-05
NVDA260831C00215000,215.0,3.24,卖 Call，看跌,-3.5212214501662182,CALL,9323.0,9365.0,3020652.0,5.8767548638132295e-05,10175.0,<=5M,2026-08-31,217.5500030517578,225.4900054931641,227.3300018310547,229.25999450683597,216.82000732421875,3.25,3.3,0.1921467504882812,True,NVDA,42.0,12.39,10175.0,9323.0,22197.61904761905,-0.738498789346247,-0.03521221450166218,5140000000000,-73.8498789346247,5.876754863813229e-07
AMZN261120C00290000,290.0,10.0,买 Call，看涨,2.571700741397979,CALL,3020.0,3029.0,3020000.0,0.00013542600896860986,11822.0,<=5M,2026-11-20,266.42999267578125,259.75,258.32000732421875,267.5599975585937,257.7799987792969,9.85,10.1,0.3681093463134766,False,AMZN,9.0,7.25,11822.0,3020.0,33555.555555555555,0.3793103448275862,0.025717007413979788,2230000000000,37.93103448275862,1.3542600896860987e-06
RKLB261218C00070000,70.0,8.75,卖 Call，看跌,-1.2877570505227767,CALL,3418.0,3424.0,2990750.0,0.013594318181818181,1640.0,<=5M,2026-12-18,64.38999938964844,65.2300033569336,66.69999694824219,66.7499008178711,63.494998931884766,8.55,8.9,0.7642845837402343,False,RKLB,6.0,9.6,1640.0,3418.0,56966.666666666664,-0.08854166666666663,-0.012877570505227767,22000000000,-8.854166666666663,0.00013594318181818182
AMZN260828C00255000,255.0,11.33,买 Call，看涨,2.571700741397979,CALL,2625.0,3786.0,2974125.0,0.00013336883408071747,4512.0,<=5M,2026-08-28,266.42999267578125,259.75,258.32000732421875,267.5599975585937,257.7799987792969,11.05,11.6,0.526371923828125,True,AMZN,1161.0,4.2,4512.0,2625.0,226.0981912144703,1.6976190476190476,0.025717007413979788,2230000000000,169.76190476190476,1.3336883408071748e-06
TSLA260831C00352500,352.5,1.3,卖 Call，看跌,-1.5080901446294828,CALL,22872.0,23917.0,2973360.0,0.00019915338245144005,1086.0,<=5M,2026-08-31,348.75,354.0899963378906,357.0950012207031,358.79998779296875,345.20001220703125,1.3,1.31,0.1908039904785156,False,TSLA,1045.0,6.24,1086.0,22872.0,2188.7081339712918,-0.7916666666666667,-0.015080901446294828,1493000000000,-79.16666666666667,1.9915338245144004e-06
AAPL260828C00320000,320.0,0.15,卖 Call，看空/价差对冲,1.052570452710052,CALL,198161.0,243348.0,2972415.0,7.041968727789623e-05,23517.0,<=5M,2026-08-28,319.70001220703125,316.3699951171875,317.0880126953125,322.3699951171875,315.4504089355469,0.15,0.17,0.0444431494140624,False,AAPL,45187.0,0.18,23517.0,198161.0,438.5354194790537,-0.16666666666666666,0.01052570452710052,4221000000000,-16.666666666666664,7.041968727789624e-07
AMZN260831C00255000,255.0,11.3,买 Call，看涨,2.571700741397979,CALL,2623.0,3386.0,2963990.0,0.00013291434977578476,1002.0,<=5M,2026-08-31,266.42999267578125,259.75,258.32000732421875,267.5599975585937,257.7799987792969,11.05,11.65,0.278327529296875,True,AMZN,763.0,4.53,1002.0,2623.0,343.7745740498034,1.4944812362030906,0.025717007413979788,2230000000000,149.44812362030905,1.3291434977578476e-06
NVDA260831C00212500,212.5,5.1,卖 Call，看跌,-3.5212214501662182,CALL,5773.0,5822.0,2944230.0,5.728073929961089e-05,2732.0,<=5M,2026-08-31,217.5500030517578,225.4900054931641,227.3300018310547,229.25999450683597,216.82000732421875,5.1,5.25,0.1782308740234375,True,NVDA,49.0,16.3,2732.0,5773.0,11781.632653061224,-0.6871165644171779,-0.03521221450166218,5140000000000,-68.71165644171779,5.728073929961089e-07
MRVL260828P00225000,225.0,7.01,买 Put，看跌,-2.5463396136371346,PUT,4191.0,6019.0,2937891.0,0.004080404166666667,2752.0,<=5M,2026-08-28,216.6199951171875,222.27999877929688,225.30799865722656,228.8800048828125,215.5500030517578,6.75,7.55,1.0000000000000004e-05,True,MRVL,1828.0,3.5,2752.0,4191.0,229.26695842450764,1.002857142857143,-0.025463396136371344,72000000000,100.28571428571429,4.080404166666667e-05
TSLA260904C00352500,352.5,5.05,卖 Call，看跌,-1.5080901446294828,CALL,5805.0,5900.0,2931525.0,0.0001963513060951105,1171.0,<=5M,2026-09-04,348.75,354.0899963378906,357.0950012207031,358.79998779296875,345.20001220703125,4.95,5.1,0.3289251678466796,False,TSLA,95.0,10.14,1171.0,5805.0,6110.526315789474,-0.5019723865877712,-0.015080901446294828,1493000000000,-50.197238658777124,1.963513060951105e-06
NVDA260904P00210000,210.0,1.46,买 Put，看跌,-3.5212214501662182,PUT,19825.0,20567.0,2894450.0,5.631225680933852e-05,9425.0,<=5M,2026-09-04,217.5500030517578,225.4900054931641,227.3300018310547,229.25999450683597,216.82000732421875,1.4,1.44,0.3305731005859375,False,NVDA,742.0,0.46,9425.0,19825.0,2671.8328840970353,2.1739130434782608,-0.03521221450166218,5140000000000,217.39130434782606,5.631225680933853e-07
AMZN260904C00262500,262.5,6.3,买 Call，看涨,2.571700741397979,CALL,4524.0,5970.0,2850120.0,0.00012780807174887893,2181.0,<=5M,2026-09-04,266.42999267578125,259.75,258.32000732421875,267.5599975585937,257.7799987792969,6.05,6.15,0.2478102563476562,True,AMZN,1446.0,2.49,2181.0,4524.0,312.8630705394191,1.5301204819277106,0.025717007413979788,2230000000000,153.01204819277106,1.2780807174887892e-06
NVDA260904C00227500,227.5,1.0,卖 Call，看跌,-3.5212214501662182,CALL,28426.0,30245.0,2842600.0,5.5303501945525294e-05,9329.0,<=5M,2026-09-04,217.5500030517578,225.4900054931641,227.3300018310547,229.25999450683597,216.82000732421875,1.01,1.02,0.3252020605468749,False,NVDA,1819.0,4.32,9329.0,28426.0,1562.7267729521716,-0.7685185185185185,-0.03521221450166218,5140000000000,-76.85185185185185,5.530350194552529e-07
NVDA260904C00210000,210.0,8.65,卖 Call，看跌,-3.5212214501662182,CALL,3245.0,3327.0,2806925.0,5.460943579766537e-05,6309.0,<=5M,2026-09-04,217.5500030517578,225.4900054931641,227.3300018310547,229.25999450683597,216.82000732421875,8.55,8.65,0.2944406494140624,True,NVDA,82.0,17.97,6309.0,3245.0,3957.3170731707314,-0.5186421814134669,-0.03521221450166218,5140000000000,-51.86421814134668,5.460943579766537e-07
MRVL260828P00220000,220.0,2.3,买 Put，看跌,-2.5463396136371346,PUT,12184.0,15879.0,2802319.9999999995,0.0038921111111111105,6898.0,<=5M,2026-08-28,216.6199951171875,222.27999877929688,225.30799865722656,228.8800048828125,215.5500030517578,2.2,2.41,1.0000000000000004e-05,True,MRVL,3695.0,1.37,6898.0,12184.0,329.7428958051421,0.6788321167883209,-0.025463396136371344,72000000000,67.88321167883208,3.8921111111111105e-05
NVDA261016C00250000,250.0,2.07,卖 Call，看跌,-3.5212214501662182,CALL,13475.0,16373.0,2789324.9999999995,5.4267023346303495e-05,67263.0,<=5M,2026-10-16,217.5500030517578,225.4900054931641,227.3300018310547,229.25999450683597,216.82000732421875,2.05,2.09,0.3452213916015625,False,NVDA,2898.0,3.9,67263.0,13475.0,464.975845410628,-0.4692307692307693,-0.03521221450166218,5140000000000,-46.92307692307693,5.426702334630349e-07
AAPL260902C00317500,317.5,4.41,买 Call，看涨,1.052570452710052,CALL,6306.0,6673.0,2780946.0,6.588358208955224e-05,472.0,<=5M,2026-09-02,319.70001220703125,316.3699951171875,317.0880126953125,322.3699951171875,315.4504089355469,4.3,4.4,0.1950764086914062,True,AAPL,367.0,2.6,472.0,6306.0,1718.2561307901906,0.6961538461538461,0.01052570452710052,4221000000000,69.61538461538461,6.588358208955224e-07
NVDA260904P00217500,217.5,4.24,买 Put，看跌,-3.5212214501662182,PUT,6472.0,6869.0,2744128.0000000005,5.3387704280155654e-05,1882.0,<=5M,2026-09-04,217.5500030517578,225.4900054931641,227.3300018310547,229.25999450683597,216.82000732421875,4.25,4.35,0.3405827661132812,False,NVDA,397.0,1.26,1882.0,6472.0,1630.2267002518893,2.3650793650793656,-0.03521221450166218,5140000000000,236.50793650793656,5.338770428015565e-07
AAPL260904C00325000,325.0,1.9,买 Call，看涨,1.052570452710052,CALL,14438.0,16452.0,2743219.9999999995,6.49898128405591e-05,7233.0,<=5M,2026-09-04,319.70001220703125,316.3699951171875,317.0880126953125,322.3699951171875,315.4504089355469,1.86,1.91,0.2109453906249999,False,AAPL,2014.0,1.14,7233.0,14438.0,716.8818272095333,0.6666666666666667,0.01052570452710052,4221000000000,66.66666666666667,6.49898128405591e-07
AMZN260918C00280000,280.0,2.4,买 Call，看涨,2.571700741397979,CALL,11358.0,11532.0,2725920.0,0.00012223856502242153,40547.0,<=5M,2026-09-18,266.42999267578125,259.75,258.32000732421875,267.5599975585937,257.7799987792969,2.38,2.43,0.2725902819824218,False,AMZN,174.0,1.05,40547.0,11358.0,6527.5862068965525,1.2857142857142856,0.025717007413979788,2230000000000,128.57142857142856,1.2223856502242153e-06
MRVL260904C00230000,230.0,3.03,卖 Call，看跌,-2.5463396136371346,CALL,8887.0,9526.0,2692760.9999999995,0.0037399458333333326,668.0,<=5M,2026-09-04,216.6199951171875,222.27999877929688,225.30799865722656,228.8800048828125,215.5500030517578,2.94,3.05,0.603763728027344,False,MRVL,639.0,6.3,668.0,8887.0,1390.7668231611892,-0.5190476190476191,-0.025463396136371344,72000000000,-51.90476190476191,3.739945833333333e-05
TSLA260918C00355000,355.0,9.4,卖 Call，看跌,-1.5080901446294828,CALL,2862.0,3272.0,2690280.0,0.00018019290020093772,2750.0,<=5M,2026-09-18,348.75,354.0899963378906,357.0950012207031,358.79998779296875,345.20001220703125,9.3,9.45,0.3576724389648437,False,TSLA,410.0,14.19,2750.0,2862.0,698.0487804878048,-0.33756166314305847,-0.015080901446294828,1493000000000,-33.756166314305844,1.801929002009377e-06
AMZN261002C00285000,285.0,3.37,买 Call，看涨,2.571700741397979,CALL,7803.0,7808.0,2629611.0,0.00011791977578475337,419.0,<=5M,2026-10-02,266.42999267578125,259.75,258.32000732421875,267.5599975585937,257.7799987792969,3.25,3.5,0.2957223748779296,False,AMZN,5.0,1.79,419.0,7803.0,156060.0,0.8826815642458101,0.025717007413979788,2230000000000,88.26815642458101,1.1791977578475336e-06
MRVL261016C00260000,260.0,7.6,卖 Call，看跌,-2.5463396136371346,CALL,3460.0,4526.0,2629600.0,0.0036522222222222225,2229.0,<=5M,2026-10-16,216.6199951171875,222.27999877929688,225.30799865722656,228.8800048828125,215.5500030517578,7.5,8.1,0.667239655761719,False,MRVL,1066.0,10.48,2229.0,3460.0,324.577861163227,-0.2748091603053436,-0.025463396136371344,72000000000,-27.48091603053436,3.6522222222222225e-05
AAPL260828C00310000,310.0,9.85,买 Call，看涨,1.052570452710052,CALL,2636.0,3026.0,2596460.0,6.151291163231462e-05,19513.0,<=5M,2026-08-28,319.70001220703125,316.3699951171875,317.0880126953125,322.3699951171875,315.4504089355469,9.55,9.85,0.37305314453125,True,AAPL,390.0,5.97,19513.0,2636.0,675.8974358974359,0.6499162479061976,0.01052570452710052,4221000000000,64.99162479061977,6.151291163231461e-07
TSLA260904P00345000,345.0,5.9,买 Put，看跌,-1.5080901446294828,PUT,4374.0,4633.0,2580660.0,0.00017285063630274614,1731.0,<=5M,2026-09-04,348.75,354.0899963378906,357.0950012207031,358.79998779296875,345.20001220703125,5.9,6.0,0.3774476318359374,False,TSLA,259.0,3.44,1731.0,4374.0,1688.8030888030887,0.7151162790697676,-0.015080901446294828,1493000000000,71.51162790697676,1.7285063630274614e-06
AMZN260904C00257500,257.5,9.97,买 Call，看涨,2.571700741397979,CALL,2569.0,3036.0,2561293.0,0.00011485618834080717,1943.0,<=5M,2026-09-04,266.42999267578125,259.75,258.32000732421875,267.5599975585937,257.7799987792969,9.9,10.1,0.2722240747070312,True,AMZN,467.0,4.8,1943.0,2569.0,550.1070663811563,1.0770833333333336,0.025717007413979788,2230000000000,107.70833333333336,1.1485618834080717e-06
TSLA260902C00350000,350.0,4.3,卖 Call，看跌,-1.5080901446294828,CALL,5915.0,6065.0,2543450.0,0.00017035833891493638,1636.0,<=5M,2026-09-02,348.75,354.0899963378906,357.0950012207031,358.79998779296875,345.20001220703125,4.2,4.3,0.2741771801757812,False,TSLA,150.0,10.14,1636.0,5915.0,3943.333333333333,-0.5759368836291914,-0.015080901446294828,1493000000000,-57.59368836291914,1.7035833891493637e-06
NVDA270115P00180000,180.0,5.5,买 Put，看跌,-3.5212214501662182,PUT,4552.0,4648.0,2503600.0,4.8708171206225685e-05,148775.0,<=5M,2027-01-15,217.5500030517578,225.4900054931641,227.3300018310547,229.25999450683597,216.82000732421875,5.4,5.55,0.3794007373046875,False,NVDA,96.0,4.2,148775.0,4552.0,4741.666666666666,0.3095238095238095,-0.03521221450166218,5140000000000,30.95238095238095,4.870817120622568e-07
AMZN260902C00260000,260.0,7.15,买 Call，看涨,2.571700741397979,CALL,3463.0,5165.0,2476045.0,0.00011103340807174887,633.0,<=5M,2026-09-02,266.42999267578125,259.75,258.32000732421875,267.5599975585937,257.7799987792969,7.1,7.4,0.2385330053710937,True,AMZN,1702.0,2.57,633.0,3463.0,203.4665099882491,1.7821011673151752,0.025717007413979788,2230000000000,178.21011673151753,1.1103340807174887e-06
NVDA260904P00207500,207.5,0.96,买 Put，看跌,-3.5212214501662182,PUT,25586.0,25702.0,2456256.0,4.778708171206226e-05,1597.0,<=5M,2026-09-04,217.5500030517578,225.4900054931641,227.3300018310547,229.25999450683597,216.82000732421875,0.95,0.97,0.3364324169921875,False,NVDA,116.0,0.35,1597.0,25586.0,22056.896551724138,1.7428571428571429,-0.03521221450166218,5140000000000,174.28571428571428,4.778708171206226e-07
AAPL260904C00322500,322.5,2.78,买 Call，看涨,1.052570452710052,CALL,8779.0,9411.0,2440562.0,5.7819521440416965e-05,3070.0,<=5M,2026-09-04,319.70001220703125,316.3699951171875,317.0880126953125,322.3699951171875,315.4504089355469,2.74,2.79,0.2128374615478515,False,AAPL,632.0,1.64,3070.0,8779.0,1389.0822784810125,0.6951219512195121,0.01052570452710052,4221000000000,69.51219512195121,5.781952144041696e-07
AAPL260904C00317500,317.5,5.29,买 Call，看涨,1.052570452710052,CALL,4554.0,5375.0,2409066.0,5.707334754797441e-05,3734.0,<=5M,2026-09-04,319.70001220703125,316.3699951171875,317.0880126953125,322.3699951171875,315.4504089355469,5.2,5.4,0.2236405761718749,True,AAPL,821.0,3.35,3734.0,4554.0,554.6894031668697,0.5791044776119403,0.01052570452710052,4221000000000,57.91044776119403,5.707334754797441e-07
MRVL260904C00220000,220.0,6.25,卖 Call，看跌,-2.5463396136371346,CALL,3843.0,4122.0,2401875.0,0.0033359375000000004,791.0,<=5M,2026-09-04,216.6199951171875,222.27999877929688,225.30799865722656,228.8800048828125,215.5500030517578,6.1,6.3,0.6030313134765627,False,MRVL,279.0,10.9,791.0,3843.0,1377.4193548387095,-0.42660550458715596,-0.025463396136371344,72000000000,-42.6605504587156,3.3359375e-05
NVDA260904C00215000,215.0,5.31,卖 Call，看跌,-3.5212214501662182,CALL,4512.0,4646.0,2395871.9999999995,4.661229571984435e-05,9083.0,<=5M,2026-09-04,217.5500030517578,225.4900054931641,227.3300018310547,229.25999450683597,216.82000732421875,5.3,5.35,0.3088448022460937,True,NVDA,134.0,13.4,9083.0,4512.0,3367.1641791044776,-0.603731343283582,-0.03521221450166218,5140000000000,-60.373134328358205,4.661229571984435e-07
NVDA260902C00225000,225.0,0.86,卖 Call，看跌,-3.5212214501662182,CALL,27805.0,31064.0,2391230.0,4.652198443579767e-05,18226.0,<=5M,2026-09-02,217.5500030517578,225.4900054931641,227.3300018310547,229.25999450683597,216.82000732421875,0.87,0.9,0.3007882421875,False,NVDA,3259.0,4.72,18226.0,27805.0,853.1758208039276,-0.8177966101694916,-0.03521221450166218,5140000000000,-81.77966101694916,4.6521984435797666e-07
TSLA260904C00347500,347.5,7.19,卖 Call，看跌,-1.5080901446294828,CALL,3318.0,3328.0,2385642.0,0.00015978847957133288,762.0,<=5M,2026-09-04,348.75,354.0899963378906,357.0950012207031,358.79998779296875,345.20001220703125,7.15,7.25,0.3212958496093749,True,TSLA,10.0,13.15,762.0,3318.0,33180.0,-0.4532319391634981,-0.015080901446294828,1493000000000,-45.32319391634981,1.5978847957133288e-06
TSLA260904P00347500,347.5,7.1,买 Put，看跌,-1.5080901446294828,PUT,3357.0,3486.0,2383469.9999999995,0.00015964300066979232,678.0,<=5M,2026-09-04,348.75,354.0899963378906,357.0950012207031,358.79998779296875,345.20001220703125,7.05,7.2,0.379889013671875,False,TSLA,129.0,4.21,678.0,3357.0,2602.3255813953488,0.6864608076009501,-0.015080901446294828,1493000000000,68.646080760095,1.5964300066979233e-06
NVDA260831C00222500,222.5,0.47,卖 Call，看跌,-3.5212214501662182,CALL,50197.0,50511.0,2359259.0,4.5899980544747085e-05,5528.0,<=5M,2026-08-31,217.5500030517578,225.4900054931641,227.3300018310547,229.25999450683597,216.82000732421875,0.47,0.48,0.2265702343749999,False,NVDA,314.0,5.25,5528.0,50197.0,15986.305732484076,-0.9104761904761905,-0.03521221450166218,5140000000000,-91.04761904761905,4.5899980544747083e-07
NVDA261120C00260000,260.0,3.88,卖 Call，看跌,-3.5212214501662182,CALL,6080.0,6242.0,2359040.0,4.589571984435798e-05,14868.0,<=5M,2026-11-20,217.5500030517578,225.4900054931641,227.3300018310547,229.25999450683597,216.82000732421875,3.85,3.95,0.3844666046142577,False,NVDA,162.0,6.17,14868.0,6080.0,3753.086419753087,-0.3711507293354943,-0.03521221450166218,5140000000000,-37.11507293354943,4.5895719844357975e-07
NVDA260918P00210000,210.0,3.77,买 Put，看跌,-3.5212214501662182,PUT,6244.0,6391.0,2353988.0,4.5797431906614784e-05,46170.0,<=5M,2026-09-18,217.5500030517578,225.4900054931641,227.3300018310547,229.25999450683597,216.82000732421875,3.7,3.8,0.3311834460449219,False,NVDA,147.0,1.7,46170.0,6244.0,4247.619047619048,1.2176470588235295,-0.03521221450166218,5140000000000,121.76470588235296,4.5797431906614783e-07
NVDA260831C00225000,225.0,0.22,卖 Call，看跌,-3.5212214501662182,CALL,106522.0,110917.0,2343484.0,4.559307392996109e-05,14814.0,<=5M,2026-08-31,217.5500030517578,225.4900054931641,227.3300018310547,229.25999450683597,216.82000732421875,0.22,0.23,0.2392654199218749,False,NVDA,4395.0,3.62,14814.0,106522.0,2423.708759954494,-0.9392265193370165,-0.03521221450166218,5140000000000,-93.92265193370164,4.559307392996109e-07
TSLA260828C00340000,340.0,7.2,卖 Call，看跌,-1.5080901446294828,CALL,3227.0,3540.0,2323440.0,0.000155622237106497,2833.0,<=5M,2026-08-28,348.75,354.0899963378906,357.0950012207031,358.79998779296875,345.20001220703125,7.1,7.3,1.0000000000000004e-05,True,TSLA,313.0,16.24,2833.0,3227.0,1030.9904153354632,-0.5566502463054187,-0.015080901446294828,1493000000000,-55.66502463054187,1.55622237106497e-06
AAPL260918C00330000,330.0,3.48,买 Call，看涨,1.052570452710052,CALL,6541.0,8253.0,2276268.0,5.39272210376688e-05,33064.0,<=5M,2026-09-18,319.70001220703125,316.3699951171875,317.0880126953125,322.3699951171875,315.4504089355469,3.45,3.6,0.2412795599365234,False,AAPL,1712.0,2.6,33064.0,6541.0,382.0677570093458,0.3384615384615384,0.01052570452710052,4221000000000,33.84615384615384,5.39272210376688e-07
MRVL260918C00250000,250.0,3.32,卖 Call，看跌,-2.5463396136371346,CALL,6824.0,8187.0,2265568.0,0.0031466222222222224,11651.0,<=5M,2026-09-18,216.6199951171875,222.27999877929688,225.30799865722656,228.8800048828125,215.5500030517578,3.25,3.4,0.6224402990722657,False,MRVL,1363.0,5.45,11651.0,6824.0,500.6603081438004,-0.3908256880733945,-0.025463396136371344,72000000000,-39.08256880733945,3.1466222222222225e-05
AMD260828P00470000,470.0,1.5,卖 Put，看涨/对冲,-2.1212240777506284,PUT,14931.0,16026.0,2239650.0,0.0008614038461538462,2560.0,<=5M,2026-08-28,465.5799865722656,475.6700134277344,472.5199890136719,478.75,465.2900085449219,1.35,1.51,1.0000000000000004e-05,True,AMD,1095.0,1.95,2560.0,14931.0,1363.5616438356165,-0.23076923076923075,-0.021212240777506285,260000000000,-23.076923076923077,8.614038461538461e-06
AMZN260828P00267500,267.5,1.64,卖 Put，看涨,2.571700741397979,PUT,13477.0,13499.0,2210228.0,9.911336322869954e-05,35.0,<=5M,2026-08-28,266.42999267578125,259.75,258.32000732421875,267.5599975585937,257.7799987792969,1.53,1.72,0.1977619287109375,True,AMZN,22.0,8.15,35.0,13477.0,61259.09090909091,-0.7987730061349694,0.025717007413979788,2230000000000,-79.87730061349694,9.911336322869955e-07
AVGO260904C00400000,400.0,5.0,卖 Call，看跌,-1.1773253912178783,CALL,4409.0,5294.0,2204500.0,0.000110225,5298.0,<=5M,2026-09-04,368.7900085449219,373.18359375,373.5199890136719,376.5899963378906,365.3512878417969,5.0,5.1,0.707888663330078,False,AVGO,885.0,7.0,5298.0,4409.0,498.19209039548025,-0.2857142857142857,-0.011773253912178783,2000000000000,-28.57142857142857,1.10225e-06
TSLA260904C00357500,357.5,3.4,卖 Call，看跌,-1.5080901446294828,CALL,6384.0,7025.0,2170560.0,0.00014538245144005358,2886.0,<=5M,2026-09-04,348.75,354.0899963378906,357.0950012207031,358.79998779296875,345.20001220703125,3.35,3.45,0.3341131042480468,False,TSLA,641.0,7.55,2886.0,6384.0,995.94383775351,-0.5496688741721855,-0.015080901446294828,1493000000000,-54.966887417218544,1.4538245144005358e-06
NVDA260911C00230000,230.0,1.47,卖 Call，看跌,-3.5212214501662182,CALL,14690.0,15268.0,2159430.0,4.201225680933852e-05,10029.0,<=5M,2026-09-11,217.5500030517578,225.4900054931641,227.3300018310547,229.25999450683597,216.82000732421875,1.43,1.47,0.3116523913574218,False,NVDA,578.0,4.5,10029.0,14690.0,2541.5224913494812,-0.6733333333333333,-0.03521221450166218,5140000000000,-67.33333333333333,4.201225680933852e-07
AAPL260828C00312500,312.5,7.41,买 Call，看涨,1.052570452710052,CALL,2899.0,4011.0,2148159.0,5.0892181947405825e-05,8522.0,<=5M,2026-08-28,319.70001220703125,316.3699951171875,317.0880126953125,322.3699951171875,315.4504089355469,6.95,7.85,0.4477594287109374,True,AAPL,1112.0,3.62,8522.0,2899.0,260.7014388489209,1.0469613259668509,0.01052570452710052,4221000000000,104.69613259668509,5.089218194740583e-07
AMD260828P00472500,472.5,3.05,买 Put，看跌,-2.1212240777506284,PUT,7039.0,7551.0,2146894.9999999995,0.000825728846153846,1295.0,<=5M,2026-08-28,465.5799865722656,475.6700134277344,472.5199890136719,478.75,465.2900085449219,3.05,3.95,1.0000000000000004e-05,True,AMD,512.0,2.87,1295.0,7039.0,1374.8046875,0.0627177700348431,-0.021212240777506285,260000000000,6.271777003484311,8.25728846153846e-06
NVDA260925C00220000,220.0,6.74,卖 Call，看跌,-3.5212214501662182,CALL,3171.0,3266.0,2137254.0,4.158081712062257e-05,2219.0,<=5M,2026-09-25,217.5500030517578,225.4900054931641,227.3300018310547,229.25999450683597,216.82000732421875,6.6,6.75,0.3217841259765625,False,NVDA,95.0,12.66,2219.0,3171.0,3337.894736842105,-0.4676145339652448,-0.03521221450166218,5140000000000,-46.76145339652448,4.158081712062257e-07
NVDA260828C00212500,212.5,4.59,卖 Call，看跌,-3.5212214501662182,CALL,4569.0,4884.0,2097171.0,4.0800992217898835e-05,10943.0,<=5M,2026-08-28,217.5500030517578,225.4900054931641,227.3300018310547,229.25999450683597,216.82000732421875,4.5,4.7,1.0000000000000004e-05,True,NVDA,315.0,14.6,10943.0,4569.0,1450.4761904761904,-0.6856164383561644,-0.03521221450166218,5140000000000,-68.56164383561644,4.080099221789883e-07
AAPL260831C00315000,315.0,5.11,买 Call，看涨,1.052570452710052,CALL,4014.0,6748.0,2051154.0,4.859402985074627e-05,6572.0,<=5M,2026-08-31,319.70001220703125,316.3699951171875,317.0880126953125,322.3699951171875,315.4504089355469,5.0,5.35,0.170906728515625,True,AAPL,2734.0,2.72,6572.0,4014.0,146.81784930504756,0.8786764705882353,0.01052570452710052,4221000000000,87.86764705882352,4.859402985074627e-07
AMZN260904C00267500,267.5,3.45,买 Call，看涨,2.571700741397979,CALL,5942.0,6289.0,2049990.0000000002,9.192780269058296e-05,5540.0,<=5M,2026-09-04,266.42999267578125,259.75,258.32000732421875,267.5599975585937,257.7799987792969,3.35,3.45,0.2512281909179687,False,AMZN,347.0,1.24,5540.0,5942.0,1712.3919308357347,1.782258064516129,0.025717007413979788,2230000000000,178.2258064516129,9.192780269058297e-07
MRVL260904P00220000,220.0,7.85,买 Put，看跌,-2.5463396136371346,PUT,2577.0,3179.0,2022945.0,0.0028096458333333333,1553.0,<=5M,2026-09-04,216.6199951171875,222.27999877929688,225.30799865722656,228.8800048828125,215.5500030517578,8.0,8.4,0.509892596435547,True,MRVL,602.0,6.0,1553.0,2577.0,428.07308970099666,0.3083333333333333,-0.025463396136371344,72000000000,30.83333333333333,2.8096458333333333e-05
AAPL260904C00315000,315.0,6.98,买 Call，看涨,1.052570452710052,CALL,2875.0,3553.0,2006750.0,4.754205164652926e-05,5216.0,<=5M,2026-09-04,319.70001220703125,316.3699951171875,317.0880126953125,322.3699951171875,315.4504089355469,6.8,7.1,0.2321854125976562,True,AAPL,678.0,4.65,5216.0,2875.0,424.0412979351032,0.5010752688172043,0.01052570452710052,4221000000000,50.10752688172043,4.754205164652926e-07
