contractSymbol,strike,lastPrice_new,signal_type,stock_price_change_pct,option_type,volume_change_abs,volume_new,amount_threshold,amount_to_market_cap_pct,openInterest_new,amount_tier,expiry_date,股票价格(new),股票价格(old),股票价格(new open),股票价格(new high),股票价格(new low),bid,ask,impliedVolatility,inTheMoney,symbol,volume_old,lastPrice_old,openInterest_old,volume_change,volume_change_pct,option_price_change,stock_price_change,market_cap,option_price_change_pct,amount_to_market_cap
TSLA251017C00430000,430.0,8.35,买 Call，看涨,1.7870148162499346,CALL,82253.0,82312.0,68681255.0,0.00483504752972418,16638.0,>50M,2025-10-17,439.30999755859375,431.5972900390625,425.5,441.455810546875,423.6000061035156,8.25,8.45,1.0000000000000004e-05,True,TSLA,59.0,3.55,16638.0,82253.0,139411.86440677967,1.352112676056338,0.017870148162499346,1420487690716.0,135.2112676056338,4.8350475297241793e-05
TSLA251017C00435000,435.0,3.64,买 Call，看涨,1.7870148162499346,CALL,137890.0,138277.0,50191960.0,0.0035334315339755344,14115.0,>50M,2025-10-17,439.30999755859375,431.5972900390625,425.5,441.455810546875,423.6000061035156,3.5,3.65,1.0000000000000004e-05,True,TSLA,387.0,1.33,14115.0,137890.0,35630.49095607235,1.7368421052631577,0.017870148162499346,1420487690716.0,173.68421052631578,3.533431533975534e-05
TSLA251024C00440000,440.0,16.97,买 Call，看涨,1.7870148162499346,CALL,23341.0,23344.0,39609676.99999999,0.0027884561942268325,6350.0,10M-50M,2025-10-24,439.30999755859375,431.5972900390625,425.5,441.455810546875,423.6000061035156,16.95,17.05,0.6681551739501954,False,TSLA,3.0,12.7,6350.0,23341.0,778033.3333333333,0.3362204724409449,0.017870148162499346,1420487690716.0,33.62204724409449,2.7884561942268325e-05
TSLA260116C00550000,550.0,19.55,买 Call，看涨,1.7870148162499346,CALL,17746.0,18835.0,34693430.0,0.0024423604813155896,12088.0,10M-50M,2026-01-16,439.30999755859375,431.5972900390625,425.5,441.455810546875,423.6000061035156,19.25,19.4,0.5985452743530274,False,TSLA,1089.0,17.05,12088.0,17746.0,1629.5684113865932,0.14662756598240467,0.017870148162499346,1420487690716.0,14.662756598240467,2.4423604813155894e-05
TSLA251024C00430000,430.0,22.1,买 Call，看涨,1.7870148162499346,CALL,15553.0,15571.0,34372130.00000001,0.002419741489113127,5042.0,10M-50M,2025-10-24,439.30999755859375,431.5972900390625,425.5,441.455810546875,423.6000061035156,22.1,22.25,0.6671175866699222,True,TSLA,18.0,15.95,5042.0,15553.0,86405.55555555555,0.38557993730407536,0.017870148162499346,1420487690716.0,38.55799373040754,2.419741489113127e-05
TSLA251024C00435000,435.0,19.35,买 Call，看涨,1.7870148162499346,CALL,14790.0,14798.0,28618650.0,0.0020147059483193903,4736.0,10M-50M,2025-10-24,439.30999755859375,431.5972900390625,425.5,441.455810546875,423.6000061035156,19.35,19.5,0.6657748266601564,True,TSLA,8.0,14.6,4736.0,14790.0,184875.0,0.3253424657534248,0.017870148162499346,1420487690716.0,32.53424657534248,2.0147059483193906e-05
AAPL251017C00250000,250.0,2.58,买 Call，看涨,1.5987378563220862,CALL,109850.0,109923.0,28341300.0,0.0007475694498208338,33592.0,10M-50M,2025-10-17,252.2899932861328,248.32000732421875,248.0200042724609,253.3800048828125,247.2700042724609,2.55,2.58,0.2031329687499999,True,AAPL,73.0,0.59,33592.0,109850.0,150479.45205479453,3.3728813559322037,0.015987378563220862,3791126029400.0,337.2881355932204,7.4756944982083375e-06
TSLA251024C00450000,450.0,12.6,买 Call，看涨,1.7870148162499346,CALL,22273.0,22285.0,28063980.0,0.0019756580914723934,15190.0,10M-50M,2025-10-24,439.30999755859375,431.5972900390625,425.5,441.455810546875,423.6000061035156,12.7,12.75,0.6687044848632814,False,TSLA,12.0,9.5,15190.0,22273.0,185608.3333333333,0.32631578947368417,0.017870148162499346,1420487690716.0,32.63157894736842,1.9756580914723933e-05
TSLA251017C00432500,432.5,6.05,买 Call，看涨,1.7870148162499346,CALL,44566.0,44663.0,26962430.0,0.0018981107809818137,8266.0,10M-50M,2025-10-17,439.30999755859375,431.5972900390625,425.5,441.455810546875,423.6000061035156,5.9,6.1,1.0000000000000004e-05,True,TSLA,97.0,2.59,8266.0,44566.0,45944.32989690721,1.335907335907336,0.017870148162499346,1420487690716.0,133.59073359073358,1.8981107809818137e-05
TSLA251024C00400000,400.0,44.37,买 Call，看涨,1.7870148162499346,CALL,5590.0,6741.0,24802830.0,0.0017460784885434718,6530.0,10M-50M,2025-10-24,439.30999755859375,431.5972900390625,425.5,441.455810546875,423.6000061035156,43.1,43.35,0.6746858703613283,True,TSLA,1151.0,36.4,6530.0,5590.0,485.66463944396173,0.21895604395604393,0.017870148162499346,1420487690716.0,21.895604395604394,1.7460784885434718e-05
TSLA251017C00420000,420.0,18.25,买 Call，看涨,1.7870148162499346,CALL,13512.0,13778.0,24659400.0,0.001735981252155052,9197.0,10M-50M,2025-10-17,439.30999755859375,431.5972900390625,425.5,441.455810546875,423.6000061035156,18.25,18.45,1.0000000000000004e-05,True,TSLA,266.0,8.0,9197.0,13512.0,5079.699248120301,1.28125,0.017870148162499346,1420487690716.0,128.125,1.735981252155052e-05
TSLA251024C00420000,420.0,28.25,买 Call，看涨,1.7870148162499346,CALL,7834.0,13713.0,22131050.0,0.0015579895654600706,3716.0,10M-50M,2025-10-24,439.30999755859375,431.5972900390625,425.5,441.455810546875,423.6000061035156,28.3,28.35,0.6682162084960939,True,TSLA,5879.0,23.55,3716.0,7834.0,133.2539547542099,0.1995753715498938,0.017870148162499346,1420487690716.0,19.95753715498938,1.5579895654600705e-05
TSLA260220P00420000,420.0,45.5,卖 Put，看涨,1.7870148162499346,PUT,3813.0,3826.0,17349150.0,0.0012213516606578352,4264.0,10M-50M,2026-02-20,439.30999755859375,431.5972900390625,425.5,441.455810546875,423.6000061035156,45.9,46.15,0.5479171185302736,False,TSLA,13.0,50.82,4264.0,3813.0,29330.76923076923,-0.1046831955922865,0.017870148162499346,1420487690716.0,-10.46831955922865,1.2213516606578352e-05
TSLA251017C00437500,437.5,1.57,买 Call，看涨,1.7870148162499346,CALL,108879.0,108903.0,17094003.0,0.001203389730986245,5947.0,10M-50M,2025-10-17,439.30999755859375,431.5972900390625,425.5,441.455810546875,423.6000061035156,1.52,1.6,1.0000000000000004e-05,True,TSLA,24.0,1.3,5947.0,108879.0,453662.5,0.2076923076923077,0.017870148162499346,1420487690716.0,20.76923076923077,1.2033897309862452e-05
TSLA251017C00427500,427.5,10.86,买 Call，看涨,1.7870148162499346,CALL,15551.0,15600.0,16888386.0,0.0011889146319520284,4707.0,10M-50M,2025-10-17,439.30999755859375,431.5972900390625,425.5,441.455810546875,423.6000061035156,10.35,10.55,1.0000000000000004e-05,True,TSLA,49.0,4.7,4707.0,15551.0,31736.734693877548,1.3106382978723403,0.017870148162499346,1420487690716.0,131.06382978723403,1.1889146319520284e-05
TSLA251017C00425000,425.0,13.25,买 Call，看涨,1.7870148162499346,CALL,12553.0,12676.0,16632725.0,0.0011709165175247832,6666.0,10M-50M,2025-10-17,439.30999755859375,431.5972900390625,425.5,441.455810546875,423.6000061035156,13.3,13.5,1.0000000000000004e-05,True,TSLA,123.0,4.86,6666.0,12553.0,10205.69105691057,1.7263374485596708,0.017870148162499346,1420487690716.0,172.63374485596708,1.1709165175247833e-05
TSLA251024P00440000,440.0,18.2,卖 Put，看涨,1.7870148162499346,PUT,8637.0,12011.0,15719340.0,0.0011066157139367136,1896.0,10M-50M,2025-10-24,439.30999755859375,431.5972900390625,425.5,441.455810546875,423.6000061035156,18.2,18.3,0.6897614031982424,True,TSLA,3374.0,24.79,1896.0,8637.0,255.98695909899226,-0.2658329971762808,0.017870148162499346,1420487690716.0,-26.58329971762808,1.1066157139367137e-05
TSLA251024C00405000,405.0,40.11,买 Call，看涨,1.7870148162499346,CALL,3788.0,4826.0,15193668.0,0.0010696092686548798,926.0,10M-50M,2025-10-24,439.30999755859375,431.5972900390625,425.5,441.455810546875,423.6000061035156,38.8,39.05,0.6564975756835938,True,TSLA,1038.0,33.03,926.0,3788.0,364.9325626204239,0.21435059037238868,0.017870148162499346,1420487690716.0,21.43505903723887,1.0696092686548798e-05
TSLA251024C00437500,437.5,18.26,买 Call，看涨,1.7870148162499346,CALL,8320.0,8324.0,15192320.000000002,0.0010695143716692313,2491.0,10M-50M,2025-10-24,439.30999755859375,431.5972900390625,425.5,441.455810546875,423.6000061035156,18.15,18.25,0.6676058630371096,True,TSLA,4.0,13.75,2491.0,8320.0,208000.0,0.3280000000000001,0.017870148162499346,1420487690716.0,32.80000000000001,1.0695143716692313e-05
TSLA251024P00430000,430.0,13.39,卖 Put，看涨,1.7870148162499346,PUT,11271.0,11285.0,15091869.0,0.0010624427862794721,7728.0,10M-50M,2025-10-24,439.30999755859375,431.5972900390625,425.5,441.455810546875,423.6000061035156,13.4,13.5,0.6904938177490236,False,TSLA,14.0,20.05,7728.0,11271.0,80507.14285714286,-0.33216957605985037,0.017870148162499346,1420487690716.0,-33.21695760598504,1.0624427862794721e-05
TSLA251107P00435000,435.0,24.21,卖 Put，看涨,1.7870148162499346,PUT,5655.0,6069.0,13690755.000000002,0.0009638066622808357,5921.0,10M-50M,2025-11-07,439.30999755859375,431.5972900390625,425.5,441.455810546875,423.6000061035156,24.15,24.3,0.6154213262939454,False,TSLA,414.0,31.5,5921.0,5655.0,1365.9420289855072,-0.2314285714285714,0.017870148162499346,1420487690716.0,-23.14285714285714,9.638066622808358e-06
TSLA251219C00520000,520.0,17.5,买 Call，看涨,1.7870148162499346,CALL,7715.0,7719.0,13501250.0,0.0009504658215795355,20737.0,10M-50M,2025-12-19,439.30999755859375,431.5972900390625,425.5,441.455810546875,423.6000061035156,17.45,17.6,0.5935099243164064,False,TSLA,4.0,14.5,20737.0,7715.0,192875.0,0.20689655172413793,0.017870148162499346,1420487690716.0,20.689655172413794,9.504658215795354e-06
TSLA260116C00560000,560.0,17.55,买 Call，看涨,1.7870148162499346,CALL,7691.0,7776.0,13497705.000000002,0.0009502162594028853,8102.0,10M-50M,2026-01-16,439.30999755859375,431.5972900390625,425.5,441.455810546875,423.6000061035156,17.5,17.65,0.5987894125366212,False,TSLA,85.0,15.1,8102.0,7691.0,9048.235294117647,0.16225165562913915,0.017870148162499346,1420487690716.0,16.225165562913915,9.502162594028852e-06
TSLA251017C00440000,440.0,0.42,卖 Call，看空/价差对冲,1.7870148162499346,CALL,318112.0,318999.0,13360704.0,0.0009405716140535865,28258.0,10M-50M,2025-10-17,439.30999755859375,431.5972900390625,425.5,441.455810546875,423.6000061035156,0.41,0.43,0.0788666333007812,False,TSLA,887.0,0.56,28258.0,318112.0,35863.810597519725,-0.2500000000000001,0.017870148162499346,1420487690716.0,-25.00000000000001,9.405716140535865e-06
TSLA251024P00435000,435.0,15.8,卖 Put，看涨,1.7870148162499346,PUT,8060.0,11376.0,12734800.0,0.0008965090006222437,2539.0,10M-50M,2025-10-24,439.30999755859375,431.5972900390625,425.5,441.455810546875,423.6000061035156,15.8,15.85,0.6934845104980469,False,TSLA,3316.0,21.7,2539.0,8060.0,243.0639324487334,-0.2718894009216589,0.017870148162499346,1420487690716.0,-27.188940092165893,8.965090006222437e-06
TSLA251024P00425000,425.0,11.45,卖 Put，看涨,1.7870148162499346,PUT,10327.0,10328.0,11824415.0,0.0008324193921060926,4353.0,10M-50M,2025-10-24,439.30999755859375,431.5972900390625,425.5,441.455810546875,423.6000061035156,11.4,11.5,0.6935455450439454,False,TSLA,1.0,17.65,4353.0,10327.0,1032700.0,-0.35127478753541075,0.017870148162499346,1420487690716.0,-35.12747875354108,8.324193921060926e-06
TSLA251024C00425000,425.0,25.06,买 Call，看涨,1.7870148162499346,CALL,4565.0,4579.0,11439890.0,0.0008053494637629487,4854.0,10M-50M,2025-10-24,439.30999755859375,431.5972900390625,425.5,441.455810546875,423.6000061035156,25.05,25.15,0.6661410339355471,True,TSLA,14.0,19.0,4854.0,4565.0,32607.142857142855,0.3189473684210526,0.017870148162499346,1420487690716.0,31.89473684210526,8.053494637629488e-06
TSLA251024C00432500,432.5,22.0,买 Call，看涨,1.7870148162499346,CALL,5089.0,5126.0,11195800.0,0.0007881659287280929,1831.0,10M-50M,2025-10-24,439.30999755859375,431.5972900390625,425.5,441.455810546875,423.6000061035156,20.65,20.8,0.6646762048339845,True,TSLA,37.0,15.83,1831.0,5089.0,13754.054054054055,0.3897662665824384,0.017870148162499346,1420487690716.0,38.97662665824384,7.881659287280928e-06
AAPL251024C00250000,250.0,5.15,买 Call，看涨,1.5987378563220862,CALL,20648.0,20652.0,10633720.000000002,0.0002804897520561441,11554.0,10M-50M,2025-10-24,252.2899932861328,248.32000732421875,248.0200042724609,253.3800048828125,247.2700042724609,5.05,5.15,0.2628247546386719,True,AAPL,4.0,2.93,11554.0,20648.0,516200.0,0.7576791808873721,0.015987378563220862,3791126029400.0,75.7679180887372,2.8048975205614413e-06
GOOGL251031C00230000,230.0,26.4,买 Call，看涨,1.3970639795332849,CALL,3979.0,4048.0,10504560.0,0.00035230638170865897,354.0,10M-50M,2025-10-31,253.3000030517578,249.80999755859372,250.88999938964844,254.22000122070312,247.8699951171875,25.7,26.05,0.5271043383789062,True,GOOGL,69.0,24.9,354.0,3979.0,5766.666666666666,0.06024096385542169,0.013970639795332848,2981654760000.0,6.024096385542169,3.5230638170865898e-06
TSLA251017P00440000,440.0,2.16,卖 Put，看涨,1.7870148162499346,PUT,45981.0,63284.0,9931896.0,0.000699189163335432,5288.0,5M-10M,2025-10-17,439.30999755859375,431.5972900390625,425.5,441.455810546875,423.6000061035156,2.07,2.16,0.195320546875,True,TSLA,17303.0,12.55,5288.0,45981.0,265.74004507888804,-0.8278884462151395,0.017870148162499346,1420487690716.0,-82.78884462151395,6.99189163335432e-06
TSLA251024C00452500,452.5,11.7,买 Call，看涨,1.7870148162499346,CALL,8357.0,8778.0,9777690.0,0.0006883333142486813,627.0,5M-10M,2025-10-24,439.30999755859375,431.5972900390625,425.5,441.455810546875,423.6000061035156,11.7,11.8,0.6671786212158206,False,TSLA,421.0,9.8,627.0,8357.0,1985.0356294536816,0.19387755102040802,0.017870148162499346,1420487690716.0,19.387755102040803,6.883333142486813e-06
TSLA251017C00422500,422.5,15.65,买 Call，看涨,1.7870148162499346,CALL,6006.0,6011.0,9399390.0,0.0006617016156797681,5569.0,5M-10M,2025-10-17,439.30999755859375,431.5972900390625,425.5,441.455810546875,423.6000061035156,15.6,15.85,1.0000000000000004e-05,True,TSLA,5.0,7.4,5569.0,6006.0,120120.0,1.114864864864865,0.017870148162499346,1420487690716.0,111.48648648648648,6.6170161567976815e-06
TSLA251219C00500000,500.0,21.77,买 Call，看涨,1.7870148162499346,CALL,4125.0,9278.0,8980125.0,0.000632186048403809,36390.0,5M-10M,2025-12-19,439.30999755859375,431.5972900390625,425.5,441.455810546875,423.6000061035156,21.7,21.85,0.5869792279052735,False,TSLA,5153.0,19.34,36390.0,4125.0,80.05045604502232,0.12564632885211993,0.017870148162499346,1420487690716.0,12.564632885211994,6.32186048403809e-06
TSLA251024C00455000,455.0,10.82,买 Call，看涨,1.7870148162499346,CALL,8224.0,9740.0,8898368.0,0.0006264304899055308,3150.0,5M-10M,2025-10-24,439.30999755859375,431.5972900390625,425.5,441.455810546875,423.6000061035156,10.85,11.0,0.6694979339599609,False,TSLA,1516.0,9.04,3150.0,8224.0,542.4802110817942,0.19690265486725678,0.017870148162499346,1420487690716.0,19.69026548672568,6.264304899055308e-06
COIN251121C00370000,370.0,16.2,买 Call，看涨,2.79141629779414,CALL,5405.0,5604.0,8756100.0,0.01090202133795678,10540.0,5M-10M,2025-11-21,336.0199890136719,326.8949890136719,319.2250061035156,336.29998779296875,317.7699890136719,15.7,16.35,0.6801789794921876,False,COIN,199.0,14.05,10540.0,5405.0,2716.0804020100504,0.15302491103202837,0.0279141629779414,80316298497.0,15.302491103202836,0.0001090202133795678
AAPL251017C00220000,220.0,32.74,买 Call，看涨,1.5987378563220862,CALL,2629.0,3672.0,8607346.0,0.00022703930001932,12683.0,5M-10M,2025-10-17,252.2899932861328,248.32000732421875,248.0200042724609,253.3800048828125,247.2700042724609,32.55,32.7,1.5292992285156248,True,AAPL,1043.0,27.89,12683.0,2629.0,252.0613614573346,0.1738974542846899,0.015987378563220862,3791126029400.0,17.389745428468988,2.2703930001932e-06
TSLA251017C00410000,410.0,28.35,买 Call，看涨,1.7870148162499346,CALL,2961.0,3003.0,8394435.0,0.0005909544345131753,6118.0,5M-10M,2025-10-17,439.30999755859375,431.5972900390625,425.5,441.455810546875,423.6000061035156,28.25,28.5,1.0000000000000004e-05,True,TSLA,42.0,16.74,6118.0,2961.0,7050.0,0.6935483870967745,0.017870148162499346,1420487690716.0,69.35483870967745,5.909544345131753e-06
TSLA251024P00437500,437.5,17.15,卖 Put，看涨,1.7870148162499346,PUT,4839.0,5764.0,8298884.999999999,0.0005842278714725735,732.0,5M-10M,2025-10-24,439.30999755859375,431.5972900390625,425.5,441.455810546875,423.6000061035156,17.1,17.25,0.6980010668945313,False,TSLA,925.0,23.19,732.0,4839.0,523.1351351351352,-0.26045709357481683,0.017870148162499346,1420487690716.0,-26.045709357481684,5.842278714725734e-06
TSLA251128P00430000,430.0,27.8,卖 Put，看涨,1.7870148162499346,PUT,2983.0,3291.0,8292740.000000001,0.0005837952735669274,390.0,5M-10M,2025-11-28,439.30999755859375,431.5972900390625,425.5,441.455810546875,423.6000061035156,28.6,28.9,0.5586897158813476,False,TSLA,308.0,34.6,390.0,2983.0,968.5064935064935,-0.19653179190751446,0.017870148162499346,1420487690716.0,-19.653179190751445,5.837952735669274e-06
AAPL251017C00247500,247.5,5.15,买 Call，看涨,1.5987378563220862,CALL,15976.0,15993.0,8227640.000000001,0.0002170236477551801,8110.0,5M-10M,2025-10-17,252.2899932861328,248.32000732421875,248.0200042724609,253.3800048828125,247.2700042724609,5.05,5.15,0.3535220898437499,True,AAPL,17.0,1.74,8110.0,15976.0,93976.47058823529,1.9597701149425288,0.015987378563220862,3791126029400.0,195.97701149425288,2.170236477551801e-06
TSLA251024P00450000,450.0,24.15,卖 Put，看涨,1.7870148162499346,PUT,3335.0,3339.0,8054025.0,0.0005669901297025918,2144.0,5M-10M,2025-10-24,439.30999755859375,431.5972900390625,425.5,441.455810546875,423.6000061035156,24.1,24.3,0.6995269305419922,True,TSLA,4.0,33.5,2144.0,3335.0,83375.0,-0.27910447761194035,0.017870148162499346,1420487690716.0,-27.910447761194035,5.669901297025918e-06
TSLA251017C00415000,415.0,23.45,买 Call，看涨,1.7870148162499346,CALL,3387.0,3394.0,7942514.999999999,0.000559140008879384,5180.0,5M-10M,2025-10-17,439.30999755859375,431.5972900390625,425.5,441.455810546875,423.6000061035156,23.35,23.5,1.0000000000000004e-05,True,TSLA,7.0,13.1,5180.0,3387.0,48385.71428571428,0.7900763358778626,0.017870148162499346,1420487690716.0,79.00763358778626,5.59140008879384e-06
TSLA251024P00420000,420.0,9.55,卖 Put，看涨,1.7870148162499346,PUT,8070.0,19583.0,7706850.0,0.0005425495800048323,9582.0,5M-10M,2025-10-24,439.30999755859375,431.5972900390625,425.5,441.455810546875,423.6000061035156,9.5,9.6,0.6916534741210938,False,TSLA,11513.0,14.2,9582.0,8070.0,70.0946755841223,-0.32746478873239426,0.017870148162499346,1420487690716.0,-32.746478873239425,5.425495800048323e-06
TSLA251024C00427500,427.5,23.66,买 Call，看涨,1.7870148162499346,CALL,3256.0,3266.0,7703696.000000001,0.0005423275435858889,969.0,5M-10M,2025-10-24,439.30999755859375,431.5972900390625,425.5,441.455810546875,423.6000061035156,23.45,23.6,0.6632113757324221,True,TSLA,10.0,18.0,969.0,3256.0,32560.000000000004,0.31444444444444447,0.017870148162499346,1420487690716.0,31.444444444444446,5.423275435858888e-06
TSLA251121C00500000,500.0,13.17,买 Call，看涨,1.7870148162499346,CALL,5826.0,5849.0,7672842.0,0.0005401554726695651,34263.0,5M-10M,2025-11-21,439.30999755859375,431.5972900390625,425.5,441.455810546875,423.6000061035156,13.05,13.2,0.6054421780395509,False,TSLA,23.0,10.85,34263.0,5826.0,25330.434782608696,0.21382488479262676,0.017870148162499346,1420487690716.0,21.382488479262676,5.401554726695651e-06
AAPL251121C00255000,255.0,8.15,买 Call，看涨,1.5987378563220862,CALL,8955.0,8956.0,7298325.0,0.00019251074597367222,17365.0,5M-10M,2025-11-21,252.2899932861328,248.32000732421875,248.0200042724609,253.3800048828125,247.2700042724609,8.05,8.15,0.2972482385253905,False,AAPL,1.0,6.29,17365.0,8955.0,895500.0,0.2957074721780605,0.015987378563220862,3791126029400.0,29.570747217806048,1.925107459736722e-06
AAPL251024C00255000,255.0,2.3,买 Call，看涨,1.5987378563220862,CALL,29480.0,29491.0,6780400.0,0.00017884923759902267,30105.0,5M-10M,2025-10-24,252.2899932861328,248.32000732421875,248.0200042724609,253.3800048828125,247.2700042724609,2.28,2.3,0.2329178271484375,False,AAPL,11.0,1.16,30105.0,29480.0,268000.0,0.9827586206896551,0.015987378563220862,3791126029400.0,98.27586206896551,1.7884923759902267e-06
TSLA251017P00437500,437.5,0.75,卖 Put，看涨,1.7870148162499346,PUT,89203.0,89204.0,6690225.0,0.00047098085000847677,2765.0,5M-10M,2025-10-17,439.30999755859375,431.5972900390625,425.5,441.455810546875,423.6000061035156,0.72,0.75,0.1618736157226562,False,TSLA,1.0,13.12,2765.0,89203.0,8920300.0,-0.9428353658536586,0.017870148162499346,1420487690716.0,-94.28353658536585,4.709808500084768e-06
COIN251024C00335000,335.0,12.1,买 Call，看涨,2.79141629779414,CALL,5440.0,5452.0,6582400.0,0.008195596813075079,265.0,5M-10M,2025-10-24,336.0199890136719,326.8949890136719,319.2250061035156,336.29998779296875,317.7699890136719,11.25,12.0,0.5606733386230469,True,COIN,12.0,7.4,265.0,5440.0,45333.33333333333,0.635135135135135,0.0279141629779414,80316298497.0,63.513513513513495,8.195596813075079e-05
COIN251024C00340000,340.0,9.3,买 Call，看涨,2.79141629779414,CALL,6651.0,6666.0,6185430.0,0.007701338477682759,1191.0,5M-10M,2025-10-24,336.0199890136719,326.8949890136719,319.2250061035156,336.29998779296875,317.7699890136719,8.95,9.5,0.5562788513183594,False,COIN,15.0,7.0,1191.0,6651.0,44340.0,0.3285714285714287,0.0279141629779414,80316298497.0,32.85714285714287,7.701338477682759e-05
TSLA251031C00450000,450.0,17.7,买 Call，看涨,1.7870148162499346,CALL,3432.0,5604.0,6074639.999999999,0.00042764467722617594,3828.0,5M-10M,2025-10-31,439.30999755859375,431.5972900390625,425.5,441.455810546875,423.6000061035156,17.2,17.35,0.6180763290405275,False,TSLA,2172.0,14.85,3828.0,3432.0,158.0110497237569,0.1919191919191919,0.017870148162499346,1420487690716.0,19.19191919191919,4.2764467722617595e-06
NBIS251219C00120000,120.0,16.89,卖 Call，看跌,-3.242451167359232,CALL,3553.0,3699.0,6001017.000000001,0.02340095874183236,2778.0,5M-10M,2025-12-19,113.44000244140624,117.2415008544922,117.93499755859376,120.57340240478516,110.87999725341795,16.2,17.0,1.0185595947265624,False,NBIS,146.0,22.5,2778.0,3553.0,2433.5616438356165,-0.2493333333333333,-0.03242451167359232,25644321099.0,-24.93333333333333,0.0002340095874183236
KVUE251121C00017000,17.0,0.84,买 Call，看涨,1.391650338127785,CALL,70578.0,70655.0,5928552.0,0.018814153475622417,50206.0,5M-10M,2025-11-21,15.300000190734863,15.09000015258789,14.220000267028809,15.574999809265137,14.239999771118164,0.82,0.87,0.7675804492187501,False,KVUE,77.0,0.55,50206.0,70578.0,91659.74025974025,0.5272727272727271,0.01391650338127785,31511128086.0,52.72727272727271,0.00018814153475622415
SOUN251017P00020000,20.0,1.29,买 Put，看跌,-6.263860260747742,PUT,44711.0,44863.0,5767719.0,0.08875435274328379,43378.0,5M-10M,2025-10-17,19.020000457763672,20.291000366210938,19.94499969482422,20.399999618530277,18.530000686645508,1.0,1.41,1.4492215039062502,True,SOUN,152.0,0.39,43378.0,44711.0,29415.13157894737,2.3076923076923075,-0.06263860260747742,6498519590.0,230.76923076923075,0.0008875435274328379
AAPL260116C00255000,255.0,12.97,买 Call，看涨,1.5987378563220862,CALL,4211.0,4669.0,5461667.000000001,0.0001440645063668429,29736.0,5M-10M,2026-01-16,252.2899932861328,248.32000732421875,248.0200042724609,253.3800048828125,247.2700042724609,12.9,13.05,0.2829356375122069,False,AAPL,458.0,10.9,29736.0,4211.0,919.4323144104803,0.18990825688073396,0.015987378563220862,3791126029400.0,18.990825688073397,1.440645063668429e-06
TSLA251017P00445000,445.0,6.75,卖 Put，看涨,1.7870148162499346,PUT,8000.0,8025.0,5400000.0,0.0003801511294531611,3274.0,5M-10M,2025-10-17,439.30999755859375,431.5972900390625,425.5,441.455810546875,423.6000061035156,6.65,6.8,0.3440007006835937,True,TSLA,25.0,18.96,3274.0,8000.0,32000.0,-0.6439873417721519,0.017870148162499346,1420487690716.0,-64.39873417721519,3.801511294531611e-06
TSLA251024C00457500,457.5,10.4,买 Call，看涨,1.7870148162499346,CALL,4881.0,5746.0,5076240.0,0.00035735895729172495,615.0,5M-10M,2025-10-24,439.30999755859375,431.5972900390625,425.5,441.455810546875,423.6000061035156,10.0,10.1,0.6677889666748049,False,TSLA,865.0,8.35,615.0,4881.0,564.2774566473988,0.24550898203592825,0.017870148162499346,1420487690716.0,24.550898203592826,3.5735895729172493e-06
TSLA251024C00480000,480.0,4.75,买 Call，看涨,1.7870148162499346,CALL,10445.0,13444.0,4961375.0,0.00034927264997975505,4706.0,<=5M,2025-10-24,439.30999755859375,431.5972900390625,425.5,441.455810546875,423.6000061035156,4.7,4.85,0.6779817358398439,False,TSLA,2999.0,4.12,4706.0,10445.0,348.28276092030677,0.15291262135922326,0.017870148162499346,1420487690716.0,15.291262135922326,3.4927264997975503e-06
TSLA251031P00430000,430.0,17.72,卖 Put，看涨,1.7870148162499346,PUT,2750.0,4052.0,4873000.0,0.0003430511951528248,2806.0,<=5M,2025-10-31,439.30999755859375,431.5972900390625,425.5,441.455810546875,423.6000061035156,17.6,17.8,0.6275366836547852,False,TSLA,1302.0,23.07,2806.0,2750.0,211.21351766513058,-0.23190290420459478,0.017870148162499346,1420487690716.0,-23.190290420459476,3.430511951528248e-06
ORCL251024P00280000,280.0,4.1,买 Put，看跌,-1.0289319024229284,PUT,11717.0,12195.0,4803970.0,0.0005963869571661881,1904.0,<=5M,2025-10-24,291.45001220703125,294.4800109863281,303.75,304.2799987792969,287.5,4.1,4.1,0.5124560473632812,False,ORCL,478.0,1.92,1904.0,11717.0,2451.255230125523,1.1354166666666665,-0.010289319024229285,805512250440.0,113.54166666666666,5.9638695716618805e-06
ORCL251017P00300000,300.0,9.55,买 Put，看跌,-1.0289319024229284,PUT,4975.0,5064.0,4751125.0,0.0005898265355250356,8412.0,<=5M,2025-10-17,291.45001220703125,294.4800109863281,303.75,304.2799987792969,287.5,9.25,9.65,0.6005899316406251,True,ORCL,89.0,3.55,8412.0,4975.0,5589.887640449438,1.690140845070423,-0.010289319024229285,805512250440.0,169.0140845070423,5.8982653552503555e-06
INTC260116C00040000,40.0,3.95,买 Call平仓/做波动率交易,-1.4590775741132793,CALL,11892.0,11983.0,4697340.0,0.003023062294259043,115774.0,<=5M,2026-01-16,37.0099983215332,37.55799865722656,36.31499862670898,38.380001068115234,36.08000183105469,3.85,3.95,0.6857941577148439,False,INTC,91.0,3.35,115774.0,11892.0,13068.131868131868,0.17910447761194032,-0.014590775741132794,155383500000.0,17.910447761194032,3.023062294259043e-05
ORCL251024C00300000,300.0,4.71,卖 Call，看跌,-1.0289319024229284,CALL,9769.0,12048.0,4601199.0,0.0005712140315043822,2633.0,<=5M,2025-10-24,291.45001220703125,294.4800109863281,303.75,304.2799987792969,287.5,4.6,4.8,0.4805960144042969,False,ORCL,2279.0,19.7,2633.0,9769.0,428.65291794646777,-0.7609137055837563,-0.010289319024229285,805512250440.0,-76.09137055837563,5.712140315043823e-06
AAPL251121C00250000,250.0,10.75,买 Call，看涨,1.5987378563220862,CALL,4150.0,4151.0,4461250.0,0.00011767611958566453,28309.0,<=5M,2025-11-21,252.2899932861328,248.32000732421875,248.0200042724609,253.3800048828125,247.2700042724609,10.75,10.8,0.3055489367675781,True,AAPL,1.0,8.6,28309.0,4150.0,415000.0,0.25000000000000006,0.015987378563220862,3791126029400.0,25.000000000000007,1.1767611958566453e-06
RKLB251024C00067000,67.0,2.7,卖 Call，看跌,-2.5153023014701814,CALL,15609.0,15628.0,4214430.0,0.019005325350535274,177.0,<=5M,2025-10-24,66.2699966430664,67.97989654541016,65.9000015258789,68.48999786376953,63.70000076293945,2.6,2.86,0.7832052929687501,False,RKLB,19.0,4.13,177.0,15609.0,82152.63157894736,-0.3462469733656174,-0.025153023014701813,22174995283.0,-34.62469733656174,0.00019005325350535273
TSLA251024C00445000,445.0,14.68,买 Call，看涨,1.7870148162499346,CALL,2843.0,7002.0,4173524.0,0.00029380923377775455,3161.0,<=5M,2025-10-24,439.30999755859375,431.5972900390625,425.5,441.455810546875,423.6000061035156,14.6,14.75,0.6654696539306644,False,TSLA,4159.0,12.14,3161.0,2843.0,68.35777831209425,0.20922570016474457,0.017870148162499346,1420487690716.0,20.922570016474456,2.9380923377775457e-06
BABA260320C00200000,200.0,10.75,买 Call，看涨,2.3777454693980755,CALL,3867.0,4418.0,4157025.0,0.0010471406097324208,12334.0,<=5M,2026-03-20,167.05999755859375,163.17999267578125,161.75999450683594,169.0850067138672,161.14999389648438,10.75,10.95,0.5018970709228516,False,BABA,551.0,10.05,12334.0,3867.0,701.8148820326678,0.06965174129353226,0.023777454693980755,396988232656.0,6.965174129353226,1.0471406097324208e-05
ORCL251024C00290000,290.0,8.85,卖 Call，看跌,-1.0289319024229284,CALL,4560.0,4705.0,4035600.0,0.0005009979671687934,777.0,<=5M,2025-10-24,291.45001220703125,294.4800109863281,303.75,304.2799987792969,287.5,8.65,8.95,0.4779104943847656,True,ORCL,145.0,27.7,777.0,4560.0,3144.8275862068963,-0.680505415162455,-0.010289319024229285,805512250440.0,-68.0505415162455,5.009979671687934e-06
INTC260320C00048000,48.0,3.2,买 Call平仓/做波动率交易,-1.4590775741132793,CALL,12609.0,12754.0,4034880.0000000005,0.0025967235903426042,52013.0,<=5M,2026-03-20,37.0099983215332,37.55799865722656,36.31499862670898,38.380001068115234,36.08000183105469,3.2,3.25,0.6853058813476562,False,INTC,145.0,2.75,52013.0,12609.0,8695.862068965518,0.1636363636363637,-0.014590775741132794,155383500000.0,16.36363636363637,2.5967235903426043e-05
TSLA251024P00400000,400.0,4.54,卖 Put，看涨,1.7870148162499346,PUT,8887.0,8893.0,4034698.0000000005,0.0002840361114263723,12384.0,<=5M,2025-10-24,439.30999755859375,431.5972900390625,425.5,441.455810546875,423.6000061035156,4.5,4.6,0.7137479797363282,False,TSLA,6.0,7.5,12384.0,8887.0,148116.6666666667,-0.39466666666666667,0.017870148162499346,1420487690716.0,-39.46666666666667,2.840361114263723e-06
HIMS251017P00052000,52.0,2.26,买 Put，看跌,-6.122833247715853,PUT,17784.0,17807.0,4019183.9999999995,0.030449416609484827,14289.0,<=5M,2025-10-17,49.83000183105469,53.08000183105469,57.119998931884766,57.40499877929688,49.650001525878906,1.9,2.27,0.6757844921875001,True,HIMS,23.0,0.28,14289.0,17784.0,77321.73913043478,7.07142857142857,-0.06122833247715853,13199543530.0,707.142857142857,0.00030449416609484826
AAPL251017C00252500,252.5,0.37,买 Call，看涨,1.5987378563220862,CALL,108591.0,108683.0,4017867.0,0.00010598083442337802,17582.0,<=5M,2025-10-17,252.2899932861328,248.32000732421875,248.0200042724609,253.3800048828125,247.2700042724609,0.36,0.38,0.0905852661132812,False,AAPL,92.0,0.15,17582.0,108591.0,118033.69565217392,1.4666666666666668,0.015987378563220862,3791126029400.0,146.66666666666669,1.0598083442337802e-06
HIMS251121P00055000,55.0,10.1,买 Put，看跌,-6.122833247715853,PUT,3958.0,4412.0,3997579.9999999995,0.03028574428285551,7767.0,<=5M,2025-11-21,49.83000183105469,53.08000183105469,57.119998931884766,57.40499877929688,49.650001525878906,10.0,10.3,1.1142622412109375,True,HIMS,454.0,6.45,7767.0,3958.0,871.806167400881,0.565891472868217,-0.06122833247715853,13199543530.0,56.58914728682169,0.0003028574428285551
TSLA251024C00460000,460.0,9.45,买 Call，看涨,1.7870148162499346,CALL,4180.0,8102.0,3950100.0,0.0002780805511949874,4059.0,<=5M,2025-10-24,439.30999755859375,431.5972900390625,425.5,441.455810546875,423.6000061035156,9.35,9.45,0.6733431103515627,False,TSLA,3922.0,7.75,4059.0,4180.0,106.57827638959714,0.21935483870967734,0.017870148162499346,1420487690716.0,21.935483870967733,2.7808055119498737e-06
CRWV251024C00143000,143.0,3.3,卖 Call，看空/价差对冲,1.6274256704785068,CALL,11745.0,11751.0,3875850.0,0.0065921644817906215,313.0,<=5M,2025-10-24,136.8699951171875,134.67820739746094,137.36500549316406,137.5998992919922,129.0500030517578,3.1,3.55,0.7128934960937501,False,CRWV,6.0,4.5,313.0,11745.0,195750.0,-0.2666666666666667,0.016274256704785068,58794801172.0,-26.66666666666667,6.592164481790622e-05
RKLB251024C00067500,67.5,2.5,卖 Call，看跌,-2.5153023014701814,CALL,15482.0,15625.0,3870500.0,0.017454344186342348,229.0,<=5M,2025-10-24,66.2699966430664,67.97989654541016,65.9000015258789,68.48999786376953,63.70000076293945,2.47,2.64,0.7929708203125,False,RKLB,143.0,4.05,229.0,15482.0,10826.573426573426,-0.38271604938271603,-0.025153023014701813,22174995283.0,-38.2716049382716,0.00017454344186342347
TSLA251121C00525000,525.0,9.1,买 Call，看涨,1.7870148162499346,CALL,4168.0,4265.0,3792879.9999999995,0.00026701252145931584,1893.0,<=5M,2025-11-21,439.30999755859375,431.5972900390625,425.5,441.455810546875,423.6000061035156,9.1,9.15,0.6204261590576172,False,TSLA,97.0,8.06,1893.0,4168.0,4296.907216494845,0.12903225806451601,0.017870148162499346,1420487690716.0,12.903225806451601,2.6701252145931584e-06
RKT251024C00017000,17.0,0.43,卖 Call，看空/价差对冲,1.679386983390983,CALL,87800.0,87801.0,3775400.0,0.009195021296755194,4733.0,<=5M,2025-10-24,16.649999618530273,16.375,16.549999237060547,16.889999389648438,16.260000228881836,0.42,0.43,0.58789474609375,False,RKT,1.0,0.53,4733.0,87800.0,8780000.0,-0.1886792452830189,0.01679386983390983,41059176245.0,-18.86792452830189,9.195021296755194e-05
TSLA251031C00435000,435.0,24.34,买 Call，看涨,1.7870148162499346,CALL,1543.0,3348.0,3755662.0000000005,0.000264392435397096,2933.0,<=5M,2025-10-31,439.30999755859375,431.5972900390625,425.5,441.455810546875,423.6000061035156,24.1,24.3,0.6220130572509766,True,TSLA,1805.0,20.5,2933.0,1543.0,85.48476454293629,0.1873170731707317,0.017870148162499346,1420487690716.0,18.73170731707317,2.6439243539709597e-06
NU260116C00015000,15.0,1.34,买 Call，看涨,1.1467121651340653,CALL,27842.0,28621.0,3730828.0,0.00490650298299408,122821.0,<=5M,2026-01-16,14.994999885559082,14.824999809265137,14.640000343322754,15.05500030517578,14.5600004196167,1.3,1.35,0.45117736328125,False,NU,779.0,1.19,122821.0,27842.0,3574.069319640565,0.12605042016806733,0.011467121651340654,76038433339.0,12.605042016806733,4.90650298299408e-05
TSLA251017P00442500,442.5,4.35,卖 Put，看涨,1.7870148162499346,PUT,8353.0,8355.0,3633554.9999999995,0.00025579630318151497,1286.0,<=5M,2025-10-17,439.30999755859375,431.5972900390625,425.5,441.455810546875,423.6000061035156,4.2,4.35,0.2639233764648437,True,TSLA,2.0,16.25,1286.0,8353.0,417650.0,-0.7323076923076923,0.017870148162499346,1420487690716.0,-73.23076923076923,2.5579630318151495e-06
CRWV251031C00150000,150.0,4.45,卖 Call，看空/价差对冲,1.6274256704785068,CALL,8057.0,8119.0,3585365.0,0.0060980986899016295,2664.0,<=5M,2025-10-31,136.8699951171875,134.67820739746094,137.36500549316406,137.5998992919922,129.0500030517578,4.2,4.2,0.8059101440429688,False,CRWV,62.0,4.91,2664.0,8057.0,12995.16129032258,-0.09368635437881873,0.016274256704785068,58794801172.0,-9.368635437881872,6.0980986899016294e-05
INTC251121C00040000,40.0,2.55,买 Call平仓/做波动率交易,-1.4590775741132793,CALL,13971.0,14024.0,3562604.9999999995,0.002292782052148394,60585.0,<=5M,2025-11-21,37.0099983215332,37.55799865722656,36.31499862670898,38.380001068115234,36.08000183105469,2.52,2.55,0.799806689453125,False,INTC,53.0,2.0,60585.0,13971.0,26360.377358490565,0.2749999999999999,-0.014590775741132794,155383500000.0,27.499999999999993,2.2927820521483937e-05
TSLA251024C00470000,470.0,6.8,买 Call，看涨,1.7870148162499346,CALL,5194.0,5207.0,3531919.9999999995,0.00024864136613670534,6944.0,<=5M,2025-10-24,439.30999755859375,431.5972900390625,425.5,441.455810546875,423.6000061035156,6.6,6.75,0.6712679357910158,False,TSLA,13.0,5.0,6944.0,5194.0,39953.846153846156,0.36,0.017870148162499346,1420487690716.0,36.0,2.486413661367053e-06
CRWV251024C00140000,140.0,4.51,卖 Call，看空/价差对冲,1.6274256704785068,CALL,7824.0,8022.0,3528624.0,0.006001591857887676,3692.0,<=5M,2025-10-24,136.8699951171875,134.67820739746094,137.36500549316406,137.5998992919922,129.0500030517578,4.35,4.75,0.7324245507812499,False,CRWV,198.0,5.6,3692.0,7824.0,3951.5151515151515,-0.19464285714285712,0.016274256704785068,58794801172.0,-19.46428571428571,6.001591857887676e-05
ORCL251024C00310000,310.0,2.41,卖 Call，看跌,-1.0289319024229284,CALL,13703.0,13721.0,3302423.0000000005,0.00040997799824845586,8833.0,<=5M,2025-10-24,291.45001220703125,294.4800109863281,303.75,304.2799987792969,287.5,2.35,2.44,0.4936574072265626,False,ORCL,18.0,7.55,8833.0,13703.0,76127.77777777778,-0.680794701986755,-0.010289319024229285,805512250440.0,-68.0794701986755,4.0997799824845585e-06
INTC251024C00038000,38.0,1.95,买 Call平仓/做波动率交易,-1.4590775741132793,CALL,16763.0,16836.0,3268785.0,0.002103688615586597,8943.0,<=5M,2025-10-24,37.0099983215332,37.55799865722656,36.31499862670898,38.380001068115234,36.08000183105469,1.94,1.98,1.0947310888671875,False,INTC,73.0,1.54,8943.0,16763.0,22963.013698630137,0.26623376623376616,-0.014590775741132794,155383500000.0,26.623376623376615,2.1036886155865972e-05
TSLA251017C00417500,417.5,20.7,买 Call，看涨,1.7870148162499346,CALL,1509.0,4506.0,3123630.0,0.00021989842083218106,4843.0,<=5M,2025-10-17,439.30999755859375,431.5972900390625,425.5,441.455810546875,423.6000061035156,20.7,20.95,1.0000000000000004e-05,True,TSLA,2997.0,13.15,4843.0,1509.0,50.35035035035035,0.5741444866920151,0.017870148162499346,1420487690716.0,57.41444866920151,2.1989842083218106e-06
GOOGL251024C00250000,250.0,6.4,买 Call，看涨,1.3970639795332849,CALL,4786.0,4831.0,3063040.0,0.00010272953264381286,5941.0,<=5M,2025-10-24,253.3000030517578,249.80999755859372,250.88999938964844,254.22000122070312,247.8699951171875,6.25,6.35,0.3033516931152343,True,GOOGL,45.0,5.8,5941.0,4786.0,10635.555555555555,0.10344827586206906,0.013970639795332848,2981654760000.0,10.344827586206906,1.0272953264381285e-06
SOUN251024P00018000,18.0,0.71,买 Put，看跌,-6.263860260747742,PUT,43002.0,43087.0,3053142.0,0.04698211581447276,1574.0,<=5M,2025-10-24,19.020000457763672,20.291000366210938,19.94499969482422,20.399999618530277,18.530000686645508,0.7,0.72,1.052739111328125,False,SOUN,85.0,0.56,1574.0,43002.0,50590.58823529411,0.2678571428571427,-0.06263860260747742,6498519590.0,26.785714285714267,0.00046982115814472755
TSLA251024C00482500,482.5,4.65,买 Call，看涨,1.7870148162499346,CALL,6380.0,6382.0,2966700.0000000005,0.00020885080662012836,471.0,<=5M,2025-10-24,439.30999755859375,431.5972900390625,425.5,441.455810546875,423.6000061035156,4.45,4.55,0.6862824340820313,False,TSLA,2.0,3.35,471.0,6380.0,319000.0,0.3880597014925374,0.017870148162499346,1420487690716.0,38.80597014925374,2.0885080662012836e-06
AAPL251024C00252500,252.5,3.54,买 Call，看涨,1.5987378563220862,CALL,8338.0,18938.0,2951652.0,7.785686830535521e-05,7029.0,<=5M,2025-10-24,252.2899932861328,248.32000732421875,248.0200042724609,253.3800048828125,247.2700042724609,3.5,3.6,0.2484206018066406,False,AAPL,10600.0,1.93,7029.0,8338.0,78.66037735849056,0.8341968911917099,0.015987378563220862,3791126029400.0,83.419689119171,7.785686830535521e-07
TSLA251024P00410000,410.0,6.7,卖 Put，看涨,1.7870148162499346,PUT,4248.0,7193.0,2846160.0,0.0002003649886304461,4329.0,<=5M,2025-10-24,439.30999755859375,431.5972900390625,425.5,441.455810546875,423.6000061035156,6.55,6.7,0.6989776196289064,False,TSLA,2945.0,10.28,4329.0,4248.0,144.24448217317487,-0.348249027237354,0.017870148162499346,1420487690716.0,-34.8249027237354,2.003649886304461e-06
TSLA251017P00435000,435.0,0.17,卖 Put，看涨,1.7870148162499346,PUT,164923.0,164925.0,2803691.0000000005,0.00019737524079401167,7035.0,<=5M,2025-10-17,439.30999755859375,431.5972900390625,425.5,441.455810546875,423.6000061035156,0.17,0.19,0.15430533203125,False,TSLA,2.0,11.1,7035.0,164923.0,8246150.0,-0.9846846846846847,0.017870148162499346,1420487690716.0,-98.46846846846847,1.9737524079401167e-06
ORCL251017P00295000,295.0,4.5,买 Put，看跌,-1.0289319024229284,PUT,6215.0,8772.0,2796750.0,0.0003472014235006747,3624.0,<=5M,2025-10-17,291.45001220703125,294.4800109863281,303.75,304.2799987792969,287.5,3.95,4.85,0.44336494140625,True,ORCL,2557.0,1.2,3624.0,6215.0,243.05827141181072,2.75,-0.010289319024229285,805512250440.0,275.0,3.472014235006747e-06
GOOGL251024C00255000,255.0,3.63,买 Call，看涨,1.3970639795332849,CALL,7534.0,7576.0,2734842.0,9.172228913584885e-05,10202.0,<=5M,2025-10-24,253.3000030517578,249.80999755859372,250.88999938964844,254.22000122070312,247.8699951171875,3.55,3.65,0.2963937548828125,False,GOOGL,42.0,3.25,10202.0,7534.0,17938.095238095237,0.1169230769230769,0.013970639795332848,2981654760000.0,11.69230769230769,9.172228913584885e-07
AAPL251024C00247500,247.5,6.9,买 Call，看涨,1.5987378563220862,CALL,3918.0,3928.0,2703420.0,7.130915667364017e-05,3238.0,<=5M,2025-10-24,252.2899932861328,248.32000732421875,248.0200042724609,253.3800048828125,247.2700042724609,6.75,6.85,0.27149166015625,True,AAPL,10.0,4.31,3238.0,3918.0,39180.0,0.6009280742459399,0.015987378563220862,3791126029400.0,60.092807424593985,7.130915667364018e-07
CRWV251017C00127000,127.0,8.65,卖 Call，看空/价差对冲,1.6274256704785068,CALL,3047.0,3098.0,2635655.0,0.004482802811577812,390.0,<=5M,2025-10-17,136.8699951171875,134.67820739746094,137.36500549316406,137.5998992919922,129.0500030517578,8.4,9.05,1.0000000000000004e-05,True,CRWV,51.0,15.64,390.0,3047.0,5974.509803921568,-0.4469309462915601,0.016274256704785068,58794801172.0,-44.69309462915601,4.4828028115778116e-05
TSLA251024P00432500,432.5,14.37,卖 Put，看涨,1.7870148162499346,PUT,1820.0,3959.0,2615340.0,0.00018411563979704265,1218.0,<=5M,2025-10-24,439.30999755859375,431.5972900390625,425.5,441.455810546875,423.6000061035156,14.7,14.85,0.6984893432617189,False,TSLA,2139.0,20.3,1218.0,1820.0,85.08648901355774,-0.2921182266009853,0.017870148162499346,1420487690716.0,-29.21182266009853,1.8411563979704265e-06
ORCL251024C00295000,295.0,6.45,卖 Call，看跌,-1.0289319024229284,CALL,4004.0,4213.0,2582580.0,0.00032061337348864667,1065.0,<=5M,2025-10-24,291.45001220703125,294.4800109863281,303.75,304.2799987792969,287.5,6.5,6.6,0.4766898034667969,False,ORCL,209.0,23.79,1065.0,4004.0,1915.7894736842106,-0.7288776796973518,-0.010289319024229285,805512250440.0,-72.88776796973518,3.2061337348864664e-06
GOOGL251024P00250000,250.0,3.05,卖 Put，看涨,1.3970639795332849,PUT,8344.0,8347.0,2544919.9999999995,8.535260467244703e-05,2540.0,<=5M,2025-10-24,253.3000030517578,249.80999755859372,250.88999938964844,254.22000122070312,247.8699951171875,3.05,3.15,0.3104317004394531,False,GOOGL,3.0,4.68,2540.0,8344.0,278133.3333333334,-0.3482905982905983,0.013970639795332848,2981654760000.0,-34.82905982905983,8.535260467244703e-07
COIN251024C00357500,357.5,4.7,卖 Call，看空/价差对冲,2.79141629779414,CALL,5375.0,5579.0,2526250.0,0.0031453765266515133,5297.0,<=5M,2025-10-24,336.0199890136719,326.8949890136719,319.2250061035156,336.29998779296875,317.7699890136719,4.15,4.4,0.5913126806640626,False,COIN,204.0,6.86,5297.0,5375.0,2634.8039215686276,-0.31486880466472306,0.0279141629779414,80316298497.0,-31.486880466472307,3.1453765266515134e-05
INTC251121C00038000,38.0,3.2,买 Call平仓/做波动率交易,-1.4590775741132793,CALL,7871.0,8171.0,2518720.0,0.0016209700515176966,16086.0,<=5M,2025-11-21,37.0099983215332,37.55799865722656,36.31499862670898,38.380001068115234,36.08000183105469,3.15,3.25,0.7836935693359376,False,INTC,300.0,2.6,16086.0,7871.0,2623.666666666667,0.23076923076923078,-0.014590775741132794,155383500000.0,23.076923076923077,1.6209700515176967e-05
CRWV251031C00140000,140.0,7.6,卖 Call，看空/价差对冲,1.6274256704785068,CALL,3245.0,3361.0,2466200.0,0.004194588553476535,4276.0,<=5M,2025-10-31,136.8699951171875,134.67820739746094,137.36500549316406,137.5998992919922,129.0500030517578,7.6,7.9,0.8254411987304686,False,CRWV,116.0,8.5,4276.0,3245.0,2797.4137931034484,-0.10588235294117651,0.016274256704785068,58794801172.0,-10.58823529411765,4.1945885534765354e-05
BABA251017C00160000,160.0,7.99,买 Call，看涨,2.3777454693980755,CALL,3009.0,3420.0,2404191.0,0.0006056076231567524,13710.0,<=5M,2025-10-17,167.05999755859375,163.17999267578125,161.75999450683594,169.0850067138672,161.14999389648438,7.65,8.05,0.9179695703125,True,BABA,411.0,5.75,13710.0,3009.0,732.1167883211679,0.3895652173913044,0.023777454693980755,396988232656.0,38.95652173913044,6.056076231567524e-06
NU260116P00015000,15.0,1.15,卖 Put，看涨,1.1467121651340653,PUT,20421.0,20432.0,2348415.0,0.0030884578980344426,16008.0,<=5M,2026-01-16,14.994999885559082,14.824999809265137,14.640000343322754,15.05500030517578,14.5600004196167,1.14,1.18,0.39258419921875,True,NU,11.0,1.3,16008.0,20421.0,185645.45454545456,-0.11538461538461549,0.011467121651340654,76038433339.0,-11.538461538461549,3.0884578980344426e-05
COIN251017C00330000,330.0,3.5,买 Call，看涨,2.79141629779414,CALL,6473.0,6725.0,2265550.0,0.002820784874796768,2226.0,<=5M,2025-10-17,336.0199890136719,326.8949890136719,319.2250061035156,336.29998779296875,317.7699890136719,3.0,3.35,1.0000000000000004e-05,True,COIN,252.0,2.18,2226.0,6473.0,2568.6507936507937,0.6055045871559632,0.0279141629779414,80316298497.0,60.55045871559632,2.820784874796768e-05
INTC251017C00030000,30.0,7.1,买 Call平仓/做波动率交易,-1.4590775741132793,CALL,3188.0,3679.0,2263480.0,0.0014567055060543752,26333.0,<=5M,2025-10-17,37.0099983215332,37.55799865722656,36.31499862670898,38.380001068115234,36.08000183105469,7.05,7.1,2.2968792578125,True,INTC,491.0,6.6,26333.0,3188.0,649.2871690427698,0.07575757575757576,-0.014590775741132794,155383500000.0,7.575757575757576,1.4567055060543752e-05
COIN251024C00355000,355.0,4.8,卖 Call，看空/价差对冲,2.79141629779414,CALL,4686.0,4971.0,2249280.0,0.0028005274671416983,700.0,<=5M,2025-10-24,336.0199890136719,326.8949890136719,319.2250061035156,336.29998779296875,317.7699890136719,4.55,5.05,0.5870402624511719,False,COIN,285.0,6.05,700.0,4686.0,1644.2105263157896,-0.2066115702479339,0.0279141629779414,80316298497.0,-20.66115702479339,2.8005274671416983e-05
AAPL251024C00260000,260.0,0.85,买 Call，看涨,1.5987378563220862,CALL,26174.0,26178.0,2224790.0,5.8684147737291255e-05,26812.0,<=5M,2025-10-24,252.2899932861328,248.32000732421875,248.0200042724609,253.3800048828125,247.2700042724609,0.84,0.86,0.2258378198242187,False,AAPL,4.0,0.44,26812.0,26174.0,654350.0,0.9318181818181818,0.015987378563220862,3791126029400.0,93.18181818181817,5.868414773729125e-07
TSLA251017P00450000,450.0,12.1,卖 Put，看涨,1.7870148162499346,PUT,1802.0,5907.0,2180420.0,0.00015349798623745585,4124.0,<=5M,2025-10-17,439.30999755859375,431.5972900390625,425.5,441.455810546875,423.6000061035156,11.6,11.75,0.4885305053710938,True,TSLA,4105.0,21.6,4124.0,1802.0,43.89768574908648,-0.4398148148148149,0.017870148162499346,1420487690716.0,-43.98148148148149,1.5349798623745585e-06
CRWV251024C00135000,135.0,6.95,卖 Call，看空/价差对冲,1.6274256704785068,CALL,3058.0,3383.0,2125310.0,0.003614792392583414,1522.0,<=5M,2025-10-24,136.8699951171875,134.67820739746094,137.36500549316406,137.5998992919922,129.0500030517578,6.45,6.9,0.7092314233398438,True,CRWV,325.0,11.39,1522.0,3058.0,940.9230769230769,-0.38981562774363476,0.016274256704785068,58794801172.0,-38.981562774363475,3.614792392583414e-05
AAPL251219C00250000,250.0,13.43,买 Call，看涨,1.5987378563220862,CALL,1582.0,4495.0,2124626.0,5.6042083104693106e-05,34685.0,<=5M,2025-12-19,252.2899932861328,248.32000732421875,248.0200042724609,253.3800048828125,247.2700042724609,13.3,13.4,0.2914194393920897,True,AAPL,2913.0,11.05,34685.0,1582.0,54.308273257809816,0.21538461538461529,0.015987378563220862,3791126029400.0,21.53846153846153,5.604208310469311e-07
SMCI260116C00063000,63.0,4.5,卖 Call，看跌,-2.0829435002470356,CALL,4708.0,4713.0,2118600.0,0.0077805027201488615,1941.0,<=5M,2026-01-16,52.18000030517578,53.290000915527344,53.02000045776367,53.630001068115234,51.619998931884766,4.6,4.75,0.7944356494140624,False,SMCI,5.0,5.15,1941.0,4708.0,94160.0,-0.12621359223300976,-0.020829435002470354,27229602973.0,-12.621359223300976,7.780502720148861e-05
CRWV251017C00132000,132.0,3.55,卖 Call，看空/价差对冲,1.6274256704785068,CALL,5879.0,5949.0,2087045.0,0.003549710107692172,450.0,<=5M,2025-10-17,136.8699951171875,134.67820739746094,137.36500549316406,137.5998992919922,129.0500030517578,3.5,3.9,1.0000000000000004e-05,True,CRWV,70.0,16.45,450.0,5879.0,8398.571428571428,-0.7841945288753799,0.016274256704785068,58794801172.0,-78.41945288753799,3.5497101076921724e-05
BABA251017C00165000,165.0,2.79,买 Call，看涨,2.3777454693980755,CALL,7447.0,10910.0,2077713.0,0.0005233689135064084,9114.0,<=5M,2025-10-17,167.05999755859375,163.17999267578125,161.75999450683594,169.0850067138672,161.14999389648438,2.7,2.85,0.465825654296875,True,BABA,3463.0,2.1,9114.0,7447.0,215.04475887958415,0.3285714285714285,0.023777454693980755,396988232656.0,32.857142857142854,5.2336891350640844e-06
TSLA251024C00500000,500.0,2.35,买 Call，看涨,1.7870148162499346,CALL,8714.0,8716.0,2047790.0000000002,0.00014416105210794238,10882.0,<=5M,2025-10-24,439.30999755859375,431.5972900390625,425.5,441.455810546875,423.6000061035156,2.37,2.39,0.6934845104980469,False,TSLA,2.0,1.87,10882.0,8714.0,435700.0,0.2566844919786096,0.017870148162499346,1420487690716.0,25.66844919786096,1.4416105210794238e-06
JD260116C00040000,40.0,1.46,买 Call，看涨,1.348448091651869,CALL,13983.0,14369.0,2041518.0,0.004071744294180535,417938.0,<=5M,2026-01-16,33.06999969482422,32.630001068115234,32.349998474121094,33.34000015258789,32.15999984741211,1.45,1.46,0.5502974658203126,False,JD,386.0,1.27,417938.0,13983.0,3622.538860103627,0.14960629921259838,0.013484480916518691,50138659319.0,14.960629921259837,4.0717442941805355e-05
RKLB251024P00060000,60.0,1.25,卖 Put，看涨/对冲,-2.5153023014701814,PUT,16178.0,16192.0,2022250.0,0.009119505885759155,1077.0,<=5M,2025-10-24,66.2699966430664,67.97989654541016,65.9000015258789,68.48999786376953,63.70000076293945,1.25,1.34,0.9648441015625,False,RKLB,14.0,1.5,1077.0,16178.0,115557.14285714287,-0.16666666666666666,-0.025153023014701813,22174995283.0,-16.666666666666664,9.119505885759155e-05
