contractSymbol,strike,lastPrice,bid,ask,volume,openInterest,impliedVolatility,inTheMoney,option_type,expiry_date,liquidity_score,symbol
AA251003C00024000,24.0,9.4,9.6,11.1,,1,2.7441437646484372,True,CALL,2025-10-03,1.0,AA
AA251003C00025000,25.0,8.44,8.65,8.8,1.0,11,1.359378203125,True,CALL,2025-10-03,12.0,AA
AA251003C00026000,26.0,6.85,7.65,8.25,1.0,8,1.720704521484375,True,CALL,2025-10-03,9.0,AA
AA251003C00027000,27.0,4.89,6.65,6.85,6.0,26,1.1328168359375002,True,CALL,2025-10-03,32.0,AA
AA251003C00027500,27.5,4.07,6.15,6.25,,12,0.8828136718749999,True,CALL,2025-10-03,12.0,AA
AA251003C00028000,28.0,5.51,5.65,5.8,1.0,60,0.9062509375,True,CALL,2025-10-03,61.0,AA
AA251003C00028500,28.5,3.08,5.15,5.35,,20,0.9023447265625,True,CALL,2025-10-03,20.0,AA
AA251003C00029000,29.0,4.58,4.65,5.05,1.0,77,1.0078174609375,True,CALL,2025-10-03,78.0,AA
AA251003C00029500,29.5,2.52,4.15,4.45,,55,0.8437515624999999,True,CALL,2025-10-03,55.0,AA
AA251003C00030000,30.0,3.53,3.7,3.8,33.0,114,0.6757844921875001,True,CALL,2025-10-03,147.0,AA
AA251003C00030500,30.5,3.05,3.15,3.65,10.0,28,0.80664255859375,True,CALL,2025-10-03,38.0,AA
AA251003C00031000,31.0,2.85,2.69,2.88,31.0,134,0.5742230078125,True,CALL,2025-10-03,165.0,AA
AA251003C00031500,31.5,2.35,2.36,2.53,35.0,302,0.6640658593750002,True,CALL,2025-10-03,337.0,AA
AA251003C00032000,32.0,1.94,1.96,2.18,88.0,529,0.6699251757812501,True,CALL,2025-10-03,617.0,AA
AA251003C00032500,32.5,1.52,1.54,1.66,72.0,649,0.5800823242187501,True,CALL,2025-10-03,721.0,AA
AA251003C00033000,33.0,1.19,1.23,1.35,635.0,2959,0.5888712988281251,True,CALL,2025-10-03,3594.0,AA
AA251003C00033500,33.5,1.0,1.0,1.28,428.0,577,0.6718782812500002,True,CALL,2025-10-03,1005.0,AA
AA251003C00034000,34.0,0.73,0.76,0.8,607.0,1062,0.5918009570312501,False,CALL,2025-10-03,1669.0,AA
AA251003C00034500,34.5,0.58,0.55,0.61,3433.0,9419,0.5888712988281251,False,CALL,2025-10-03,12852.0,AA
AA251003C00035000,35.0,0.41,0.39,0.45,650.0,9488,0.585941640625,False,CALL,2025-10-03,10138.0,AA
AA251003C00035500,35.5,0.3,0.29,0.32,108.0,133,0.5898478515625001,False,CALL,2025-10-03,241.0,AA
AA251003C00036000,36.0,0.2,0.19,0.22,65.0,248,0.5820354296875,False,CALL,2025-10-03,313.0,AA
AA251003C00036500,36.5,0.16,0.13,0.17,44.0,183,0.59570716796875,False,CALL,2025-10-03,227.0,AA
AA251003C00037000,37.0,0.09,0.09,0.11,80.0,36,0.59570716796875,False,CALL,2025-10-03,116.0,AA
AA251003C00037500,37.5,0.05,0.05,0.08,1.0,19,0.5937540625000001,False,CALL,2025-10-03,20.0,AA
AA251003C00038000,38.0,0.06,0.02,0.05,113.0,156,0.57812921875,False,CALL,2025-10-03,269.0,AA
AA251003C00039000,39.0,0.07,0.0,0.09,5.0,50,0.70312796875,False,CALL,2025-10-03,55.0,AA
AA251003C00040000,40.0,0.02,0.01,0.02,128.0,292,0.6718782812500002,False,CALL,2025-10-03,420.0,AA
AA251003C00041000,41.0,0.09,0.0,0.52,8.0,19,1.3007847460937496,False,CALL,2025-10-03,27.0,AA
AA251003P00024000,24.0,0.03,0.0,0.03,10.0,18,1.2500037499999999,False,PUT,2025-10-03,28.0,AA
AA251003P00025000,25.0,0.01,0.0,0.02,1.0,1501,1.0625046875000002,False,PUT,2025-10-03,1502.0,AA
AA251003P00026000,26.0,0.01,0.0,0.02,1.0,157,0.937500625,False,PUT,2025-10-03,158.0,AA
AA251003P00027000,27.0,0.01,0.0,0.01,4.0,546,0.7500025,False,PUT,2025-10-03,550.0,AA
AA251003P00027500,27.5,0.01,0.0,0.03,9.0,16,0.79687703125,False,PUT,2025-10-03,25.0,AA
AA251003P00028000,28.0,0.06,0.0,0.04,10.0,68,0.7656273437500001,False,PUT,2025-10-03,78.0,AA
AA251003P00028500,28.5,0.1,0.01,0.04,10.0,280,0.726565234375,False,PUT,2025-10-03,290.0,AA
AA251003P00029000,29.0,0.02,0.01,0.06,82.0,748,0.70312796875,False,PUT,2025-10-03,830.0,AA
AA251003P00029500,29.5,0.04,0.02,0.04,29.0,293,0.6171913281250001,False,PUT,2025-10-03,322.0,AA
AA251003P00030000,30.0,0.04,0.04,0.12,87.0,473,0.6757844921875001,False,PUT,2025-10-03,560.0,AA
AA251003P00030500,30.5,0.07,0.06,0.08,166.0,217,0.57812921875,False,PUT,2025-10-03,383.0,AA
AA251003P00031000,31.0,0.13,0.1,0.11,165.0,2766,0.56055126953125,False,PUT,2025-10-03,2931.0,AA
AA251003P00031500,31.5,0.21,0.16,0.2,114.0,1509,0.56836369140625,False,PUT,2025-10-03,1623.0,AA
AA251003P00032000,32.0,0.28,0.25,0.29,757.0,1159,0.56055126953125,False,PUT,2025-10-03,1916.0,AA
AA251003P00032500,32.5,0.4,0.38,0.43,385.0,603,0.561527822265625,False,PUT,2025-10-03,988.0,AA
AA251003P00033000,33.0,0.66,0.56,0.67,259.0,237,0.585941640625,False,PUT,2025-10-03,496.0,AA
AA251003P00033500,33.5,0.85,0.8,0.85,42.0,22,0.579105771484375,False,PUT,2025-10-03,64.0,AA
AA251003P00034000,34.0,1.22,1.04,1.27,97.0,48,0.6210975390625001,True,PUT,2025-10-03,145.0,AA
AA251003P00035000,35.0,1.9,1.69,1.8,26.0,1791,0.5820354296875,True,PUT,2025-10-03,1817.0,AA
AA251003P00036000,36.0,2.69,2.48,2.84,2.0,2,0.6972686523437501,True,PUT,2025-10-03,4.0,AA
AA251003P00037000,37.0,4.75,3.35,4.25,,1,0.98242205078125,True,PUT,2025-10-03,1.0,AA
AA251003P00038000,38.0,5.65,4.3,5.75,2.0,3,1.3300814746093748,True,PUT,2025-10-03,5.0,AA
AA251003P00039000,39.0,5.5,5.25,5.45,1.0,0,0.6171913281250001,True,PUT,2025-10-03,1.0,AA
AA251003P00040000,40.0,7.95,6.25,6.4,5.0,0,0.8710950390625,True,PUT,2025-10-03,5.0,AA
AA251003P00041000,41.0,8.65,7.25,9.4,,3,2.02344244140625,True,PUT,2025-10-03,3.0,AA
AA251003P00042000,42.0,9.95,8.25,10.4,,0,2.160160849609375,True,PUT,2025-10-03,0.0,AA
AA251010C00025000,25.0,6.65,8.7,8.85,3.0,6,0.9882813671875,True,CALL,2025-10-10,9.0,AA
AA251010C00026000,26.0,6.52,7.7,7.85,6.0,6,0.8808605664062499,True,CALL,2025-10-10,12.0,AA
AA251010C00027000,27.0,6.31,6.7,6.85,2.0,40,0.773439765625,True,CALL,2025-10-10,42.0,AA
AA251010C00028000,28.0,5.75,5.7,5.85,1.0,9,0.6699251757812501,True,CALL,2025-10-10,10.0,AA
AA251010C00028500,28.5,3.4,5.0,5.4,,16,0.75586181640625,True,CALL,2025-10-10,16.0,AA
AA251010C00029000,29.0,4.77,4.75,4.95,1.0,6,0.65039412109375,True,CALL,2025-10-10,7.0,AA
AA251010C00029500,29.5,2.56,4.3,4.45,,10,0.6171913281250001,True,CALL,2025-10-10,10.0,AA
AA251010C00030000,30.0,2.76,3.85,4.0,91.0,68,0.5996133789062501,True,CALL,2025-10-10,159.0,AA
AA251010C00030500,30.5,3.23,3.4,3.55,3.0,10,0.5742230078125,True,CALL,2025-10-10,13.0,AA
AA251010C00031000,31.0,3.01,3.0,3.15,2.0,84,0.5722699023437501,True,CALL,2025-10-10,86.0,AA
AA251010C00031500,31.5,2.27,2.57,2.72,1.0,128,0.5419967675781252,True,CALL,2025-10-10,129.0,AA
AA251010C00032000,32.0,2.22,2.24,2.37,10.0,230,0.5488326367187502,True,CALL,2025-10-10,240.0,AA
AA251010C00032500,32.5,1.86,1.95,2.02,119.0,1044,0.5507857421875001,True,CALL,2025-10-10,1163.0,AA
AA251010C00033000,33.0,1.64,1.65,1.73,117.0,257,0.5507857421875001,True,CALL,2025-10-10,374.0,AA
AA251010C00033500,33.5,1.35,1.4,1.52,36.0,164,0.5654340332031251,True,CALL,2025-10-10,200.0,AA
AA251010C00034000,34.0,1.1,1.13,1.2,198.0,414,0.5410202148437502,False,CALL,2025-10-10,612.0,AA
AA251010C00034500,34.5,0.94,0.94,1.05,15.0,87,0.5556685058593751,False,CALL,2025-10-10,102.0,AA
AA251010C00035000,35.0,0.77,0.76,0.81,41.0,331,0.5429733203125001,False,CALL,2025-10-10,372.0,AA
AA251010C00035500,35.5,0.62,0.6,0.65,172.0,75,0.5390671093750001,False,CALL,2025-10-10,247.0,AA
AA251010C00036000,36.0,0.44,0.48,0.51,51.0,8017,0.5371140039062501,False,CALL,2025-10-10,8068.0,AA
AA251010C00036500,36.5,0.37,0.37,0.41,8.0,55,0.5371140039062501,False,CALL,2025-10-10,63.0,AA
AA251010C00037000,37.0,0.25,0.28,0.32,10.0,55,0.5351608984375,False,CALL,2025-10-10,65.0,AA
AA251010C00038000,38.0,0.16,0.16,0.19,30.0,59,0.53320779296875,False,CALL,2025-10-10,89.0,AA
AA251010C00039000,39.0,0.09,0.08,0.11,25.0,30,0.5293015820312501,False,CALL,2025-10-10,55.0,AA
AA251010C00040000,40.0,0.08,0.0,0.09,2.0,18,0.5195360546875,False,CALL,2025-10-10,20.0,AA
AA251010C00041000,41.0,0.05,0.01,0.31,14.0,61,0.74414318359375,False,CALL,2025-10-10,75.0,AA
AA251010P00024000,24.0,0.03,0.0,1.0,1.0,24,1.607423837890625,False,PUT,2025-10-10,25.0,AA
AA251010P00025000,25.0,0.15,0.0,0.3,2.0,132,1.0664109179687502,False,PUT,2025-10-10,134.0,AA
AA251010P00026000,26.0,0.06,0.0,0.09,18.0,194,0.7500025,False,PUT,2025-10-10,212.0,AA
AA251010P00027000,27.0,0.05,0.0,0.3,1.0,278,0.8398453515625,False,PUT,2025-10-10,279.0,AA
AA251010P00027500,27.5,0.1,0.0,0.55,1.0,16,0.9179695703125,False,PUT,2025-10-10,17.0,AA
AA251010P00028000,28.0,0.05,0.05,0.06,5.0,156,0.585941640625,False,PUT,2025-10-10,161.0,AA
AA251010P00028500,28.5,0.07,0.03,0.29,16.0,91,0.68555001953125,False,PUT,2025-10-10,107.0,AA
AA251010P00029000,29.0,0.09,0.08,0.09,71.0,152,0.5410202148437502,False,PUT,2025-10-10,223.0,AA
AA251010P00029500,29.5,0.15,0.1,0.14,2.0,71,0.53320779296875,False,PUT,2025-10-10,73.0,AA
AA251010P00030000,30.0,0.18,0.15,0.2,24.0,257,0.53320779296875,False,PUT,2025-10-10,281.0,AA
AA251010P00030500,30.5,0.24,0.21,0.26,101.0,1015,0.524418818359375,False,PUT,2025-10-10,1116.0,AA
AA251010P00031000,31.0,0.32,0.29,0.34,175.0,2133,0.51758294921875,False,PUT,2025-10-10,2308.0,AA
AA251010P00031500,31.5,0.48,0.39,0.45,16.0,123,0.5127001855468749,False,PUT,2025-10-10,139.0,AA
AA251010P00032000,32.0,0.61,0.52,0.58,10.0,85,0.507817421875,False,PUT,2025-10-10,95.0,AA
AA251010P00032500,32.5,0.8,0.7,0.76,253.0,26,0.5127001855468749,False,PUT,2025-10-10,279.0,AA
AA251010P00033000,33.0,1.05,0.91,0.95,124.0,48,0.5127001855468749,False,PUT,2025-10-10,172.0,AA
AA251010P00033500,33.5,1.23,1.13,1.18,31.0,45,0.5097705273437501,False,PUT,2025-10-10,76.0,AA
AA251010P00034000,34.0,1.51,1.39,1.45,10.0,24,0.5097705273437501,True,PUT,2025-10-10,34.0,AA
AA251010P00034500,34.5,1.84,1.68,1.75,2.0,6,0.5097705273437501,True,PUT,2025-10-10,8.0,AA
AA251010P00035000,35.0,2.43,1.99,2.07,11.0,70,0.5053760400390624,True,PUT,2025-10-10,81.0,AA
AA251010P00036000,36.0,4.1,2.69,2.78,7.0,7,0.514653291015625,True,PUT,2025-10-10,14.0,AA
AA251010P00037000,37.0,5.55,3.5,3.75,,4,0.5312546875,True,PUT,2025-10-10,4.0,AA
AA251010P00038000,38.0,6.1,4.35,4.7,2.0,2,0.5507857421875001,True,PUT,2025-10-10,4.0,AA
AA251010P00040000,40.0,6.85,6.3,6.4,2.0,1,0.5625043750000001,True,PUT,2025-10-10,3.0,AA
AA251010P00042000,42.0,9.85,8.25,8.4,5.0,5,0.6835969140625001,True,PUT,2025-10-10,10.0,AA
AA251010P00043000,43.0,10.65,9.2,9.35,,1,0.6093789062500001,True,PUT,2025-10-10,1.0,AA
AA251017C00024000,24.0,8.55,9.7,9.85,1.0,2,0.87500125,True,CALL,2025-10-17,3.0,AA
AA251017C00025000,25.0,8.64,8.75,8.85,20.0,849,0.82226740234375,True,CALL,2025-10-17,869.0,AA
AA251017C00028000,28.0,4.0,5.8,5.95,,39,0.6269568554687501,True,CALL,2025-10-17,39.0,AA
AA251017C00028500,28.5,4.6,5.35,5.5,1.0,16,0.6191444335937502,True,CALL,2025-10-17,17.0,AA
AA251017C00029000,29.0,4.8,4.9,5.0,32.0,32,0.58789474609375,True,CALL,2025-10-17,64.0,AA
AA251017C00029500,29.5,4.05,4.45,4.6,6.0,10,0.5839885351562499,True,CALL,2025-10-17,16.0,AA
AA251017C00030000,30.0,4.0,4.05,4.15,210.0,4100,0.5732464550781251,True,CALL,2025-10-17,4310.0,AA
AA251017C00031000,31.0,3.31,3.25,3.35,60.0,179,0.5537154003906251,True,CALL,2025-10-17,239.0,AA
AA251017C00031500,31.5,2.77,2.9,2.98,35.0,647,0.5502974658203126,True,CALL,2025-10-17,682.0,AA
AA251017C00032000,32.0,2.46,2.55,2.73,27.0,319,0.56055126953125,True,CALL,2025-10-17,346.0,AA
AA251017C00032500,32.5,2.2,2.09,2.32,21.0,379,0.5151415673828125,True,CALL,2025-10-17,400.0,AA
AA251017C00033000,33.0,1.98,1.97,2.05,462.0,1623,0.5454147021484376,True,CALL,2025-10-17,2085.0,AA
AA251017C00033500,33.5,1.64,1.69,1.78,146.0,103,0.5395553857421876,True,CALL,2025-10-17,249.0,AA
AA251017C00034000,34.0,1.4,1.45,1.53,13.0,182,0.5361374511718751,False,CALL,2025-10-17,195.0,AA
AA251017C00034500,34.5,1.17,1.22,1.31,43.0,1062,0.5312546875,False,CALL,2025-10-17,1105.0,AA
AA251017C00035000,35.0,1.07,1.05,1.1,498.0,12609,0.5302781347656251,False,CALL,2025-10-17,13107.0,AA
AA251017C00035500,35.5,0.85,0.88,0.95,27.0,54,0.532231240234375,False,CALL,2025-10-17,81.0,AA
AA251017C00036000,36.0,0.72,0.73,0.8,23.0,578,0.5302781347656251,False,CALL,2025-10-17,601.0,AA
AA251017C00036500,36.5,0.59,0.6,0.67,13.0,67,0.5283250292968751,False,CALL,2025-10-17,80.0,AA
AA251017C00037000,37.0,0.5,0.49,0.53,1754.0,60,0.5214891601562499,False,CALL,2025-10-17,1814.0,AA
AA251017C00038000,38.0,0.34,0.32,0.36,1125.0,55,0.5195360546875,False,CALL,2025-10-17,1180.0,AA
AA251017C00039000,39.0,0.21,0.21,0.24,275.0,4,0.5214891601562499,False,CALL,2025-10-17,279.0,AA
AA251017C00040000,40.0,0.13,0.12,0.16,66.0,4643,0.51758294921875,False,CALL,2025-10-17,4709.0,AA
AA251017C00041000,41.0,0.09,0.07,0.1,51.0,2,0.51562984375,False,CALL,2025-10-17,53.0,AA
AA251017C00042000,42.0,0.05,0.0,0.58,,2,0.745119736328125,False,CALL,2025-10-17,2.0,AA
AA251017P00025000,25.0,0.04,0.03,0.14,7.0,6622,0.7539087109375,False,PUT,2025-10-17,6629.0,AA
AA251017P00026000,26.0,0.05,0.0,0.1,1.0,31,0.6093789062500001,False,PUT,2025-10-17,32.0,AA
AA251017P00027000,27.0,0.08,0.0,0.11,4.0,49,0.5429733203125001,False,PUT,2025-10-17,53.0,AA
AA251017P00027500,27.5,0.1,0.07,0.11,10.0,52,0.5546919531250001,False,PUT,2025-10-17,62.0,AA
AA251017P00028000,28.0,0.12,0.1,0.13,16.0,290,0.5429733203125001,False,PUT,2025-10-17,306.0,AA
AA251017P00028500,28.5,0.15,0.0,0.16,2.0,112,0.5449264257812501,False,PUT,2025-10-17,114.0,AA
AA251017P00029000,29.0,0.2,0.17,0.21,3.0,75,0.52539537109375,False,PUT,2025-10-17,78.0,AA
AA251017P00029500,29.5,0.27,0.23,0.26,11.0,95,0.51758294921875,False,PUT,2025-10-17,106.0,AA
AA251017P00030000,30.0,0.34,0.3,0.33,39.0,8013,0.5117236328125,False,PUT,2025-10-17,8052.0,AA
AA251017P00030500,30.5,0.46,0.38,0.42,14.0,260,0.5048877636718749,False,PUT,2025-10-17,274.0,AA
AA251017P00031000,31.0,0.54,0.49,0.54,9.0,378,0.5048877636718749,False,PUT,2025-10-17,387.0,AA
AA251017P00031500,31.5,0.65,0.63,0.68,2.0,500,0.5048877636718749,False,PUT,2025-10-17,502.0,AA
AA251017P00032000,32.0,0.91,0.78,0.86,89.0,181,0.50586431640625,False,PUT,2025-10-17,270.0,AA
AA251017P00032500,32.5,1.1,0.96,1.04,6.0,54,0.5029346582031251,False,PUT,2025-10-17,60.0,AA
AA251017P00033000,33.0,1.46,1.17,1.25,25.0,22,0.5019581054687501,False,PUT,2025-10-17,47.0,AA
AA251017P00033500,33.5,1.52,1.41,1.62,27.0,3,0.523442265625,False,PUT,2025-10-17,30.0,AA
AA251017P00034000,34.0,1.82,1.63,1.75,6.0,19,0.5131884619140624,True,PUT,2025-10-17,25.0,AA
AA251017P00034500,34.5,3.75,1.94,2.04,,1,0.5131884619140624,True,PUT,2025-10-17,1.0,AA
AA251017P00035000,35.0,2.4,2.26,2.37,15.0,310,0.500005,True,PUT,2025-10-17,325.0,AA
AA251017P00037000,37.0,5.7,3.7,3.8,,27,0.5039112109375,True,PUT,2025-10-17,27.0,AA
AA251017P00040000,40.0,8.75,6.35,6.45,13.0,41,0.500005,True,PUT,2025-10-17,54.0,AA
AA251017P00041000,41.0,9.25,7.25,7.4,,4,0.49609878906250005,True,PUT,2025-10-17,4.0,AA
AA251024C00025000,25.0,7.05,8.8,8.95,4.0,10,0.77929908203125,True,CALL,2025-10-24,14.0,AA
AA251024C00026000,26.0,6.1,7.8,8.25,,10,0.80664255859375,True,CALL,2025-10-24,10.0,AA
AA251024C00027000,27.0,5.24,6.85,7.0,,10,0.6523472265625001,True,CALL,2025-10-24,10.0,AA
AA251024C00028000,28.0,6.34,5.75,6.15,2.0,13,0.585941640625,True,CALL,2025-10-24,15.0,AA
AA251024C00029000,29.0,4.11,5.1,5.25,20.0,20,0.6152382226562501,True,CALL,2025-10-24,40.0,AA
AA251024C00030000,30.0,3.35,4.3,4.45,35.0,58,0.6015664843750002,True,CALL,2025-10-24,93.0,AA
AA251024C00031000,31.0,2.85,3.55,3.7,21.0,88,0.585941640625,True,CALL,2025-10-24,109.0,AA
AA251024C00032000,32.0,2.43,2.93,3.05,20.0,134,0.5864299169921875,True,CALL,2025-10-24,154.0,AA
AA251024C00033000,33.0,2.28,2.33,2.42,27.0,2631,0.570316796875,True,CALL,2025-10-24,2658.0,AA
AA251024C00034000,34.0,1.86,1.83,1.93,11.0,91,0.5668988623046876,False,CALL,2025-10-24,102.0,AA
AA251024C00035000,35.0,1.4,1.42,1.48,50.0,2632,0.56055126953125,False,CALL,2025-10-24,2682.0,AA
AA251024C00036000,36.0,1.06,1.09,1.15,32.0,126,0.561527822265625,False,CALL,2025-10-24,158.0,AA
AA251024C00037000,37.0,0.78,0.8,0.86,3.0,22,0.5551802294921876,False,CALL,2025-10-24,25.0,AA
AA251024C00038000,38.0,0.58,0.59,0.64,10.0,47,0.5542036767578126,False,CALL,2025-10-24,57.0,AA
AA251024C00039000,39.0,0.35,0.43,0.46,11.0,2,0.551762294921875,False,CALL,2025-10-24,13.0,AA
AA251024C00040000,40.0,0.24,0.3,0.33,2.0,41,0.5478560839843751,False,CALL,2025-10-24,43.0,AA
AA251024C00041000,41.0,0.32,0.0,0.25,1.0,32,0.5644574804687501,False,CALL,2025-10-24,33.0,AA
AA251024P00024000,24.0,0.12,0.0,2.17,21.0,66,1.4209013330078126,False,PUT,2025-10-24,87.0,AA
AA251024P00025000,25.0,0.13,0.0,2.19,,26,1.3066440917968747,False,PUT,2025-10-24,26.0,AA
AA251024P00026000,26.0,0.08,0.04,0.14,1.0,36,0.5800823242187501,False,PUT,2025-10-24,37.0,AA
AA251024P00027000,27.0,0.34,0.0,0.18,1.0,21,0.5097705273437501,False,PUT,2025-10-24,22.0,AA
AA251024P00028000,28.0,0.36,0.22,0.26,2.0,169,0.56055126953125,False,PUT,2025-10-24,171.0,AA
AA251024P00029000,29.0,0.98,0.34,0.41,4.0,77,0.55273884765625,False,PUT,2025-10-24,81.0,AA
AA251024P00030000,30.0,0.55,0.53,0.58,18.0,146,0.5424850439453126,False,PUT,2025-10-24,164.0,AA
AA251024P00031000,31.0,0.82,0.78,0.84,35.0,62,0.5371140039062501,False,PUT,2025-10-24,97.0,AA
AA251024P00032000,32.0,1.36,1.12,1.18,4.0,54,0.5346726220703125,False,PUT,2025-10-24,58.0,AA
AA251024P00033000,33.0,1.66,1.53,1.6,2.0,37,0.5302781347656251,False,PUT,2025-10-24,39.0,AA
AA251024P00034000,34.0,2.28,2.02,2.11,1.0,4,0.526371923828125,True,PUT,2025-10-24,5.0,AA
AA251024P00036000,36.0,3.65,3.25,3.35,8.0,2,0.516606396484375,True,PUT,2025-10-24,10.0,AA
AA251024P00037000,37.0,5.5,3.95,4.1,1.0,4,0.5107470800781251,True,PUT,2025-10-24,5.0,AA
AA251024P00041000,41.0,7.25,7.35,7.55,,1,0.5459029785156251,True,PUT,2025-10-24,1.0,AA
AA251031C00026000,26.0,7.8,7.85,8.0,30.0,6,0.6533237792968751,True,CALL,2025-10-31,36.0,AA
AA251031C00027000,27.0,6.84,6.9,7.1,,5,0.62305064453125,True,CALL,2025-10-31,5.0,AA
AA251031C00028000,28.0,6.15,6.05,6.2,5.0,6,0.6064492480468751,True,CALL,2025-10-31,11.0,AA
AA251031C00029000,29.0,4.11,5.0,5.45,2.0,8,0.5654340332031251,True,CALL,2025-10-31,10.0,AA
AA251031C00030000,30.0,3.3,4.45,4.6,6.0,36,0.5839885351562499,True,CALL,2025-10-31,42.0,AA
AA251031C00031000,31.0,3.7,3.75,3.85,12.0,56,0.5717816259765626,True,CALL,2025-10-31,68.0,AA
AA251031C00032000,32.0,3.0,3.05,3.25,17.0,93,0.5634809277343751,True,CALL,2025-10-31,110.0,AA
AA251031C00033000,33.0,2.55,2.53,2.66,6.0,32,0.5620160986328125,True,CALL,2025-10-31,38.0,AA
AA251031C00034000,34.0,1.97,1.99,2.15,11.0,53,0.5502974658203126,False,CALL,2025-10-31,64.0,AA
AA251031C00035000,35.0,1.59,1.62,1.74,1.0,70,0.5551802294921876,False,CALL,2025-10-31,71.0,AA
AA251031C00036000,36.0,0.92,1.19,1.36,2.0,10,0.5395553857421876,False,CALL,2025-10-31,12.0,AA
AA251031C00037000,37.0,0.96,0.97,1.08,1.0,19,0.5483443603515626,False,CALL,2025-10-31,20.0,AA
AA251031C00038000,38.0,0.59,0.73,0.83,20.0,21,0.543949873046875,False,CALL,2025-10-31,41.0,AA
AA251031C00039000,39.0,0.43,0.57,0.81,4.0,3,0.5756878369140624,False,CALL,2025-10-31,7.0,AA
AA251031C00040000,40.0,0.45,0.43,0.47,2.0,35,0.543949873046875,False,CALL,2025-10-31,37.0,AA
AA251031C00041000,41.0,0.52,0.3,0.39,,6,0.5478560839843751,False,CALL,2025-10-31,6.0,AA
AA251031C00042000,42.0,0.16,0.0,0.3,,30,0.570316796875,False,CALL,2025-10-31,30.0,AA
AA251031P00024000,24.0,0.16,0.0,2.2,,1,1.2675817871093749,False,PUT,2025-10-31,1.0,AA
AA251031P00025000,25.0,0.1,0.0,0.14,101.0,84,0.55273884765625,False,PUT,2025-10-31,185.0,AA
AA251031P00026000,26.0,0.15,0.15,0.17,2.0,23,0.5820354296875,False,PUT,2025-10-31,25.0,AA
AA251031P00027000,27.0,0.23,0.0,0.25,7.0,26,0.57617611328125,False,PUT,2025-10-31,33.0,AA
AA251031P00028000,28.0,0.37,0.32,0.36,6.0,32,0.551762294921875,False,PUT,2025-10-31,38.0,AA
AA251031P00029000,29.0,0.56,0.47,0.55,2.0,44,0.5478560839843751,False,PUT,2025-10-31,46.0,AA
AA251031P00030000,30.0,0.74,0.52,0.76,12.0,47,0.5117236328125,False,PUT,2025-10-31,59.0,AA
AA251031P00031000,31.0,1.08,0.92,1.05,3.0,93,0.5293015820312501,False,PUT,2025-10-31,96.0,AA
AA251031P00032000,32.0,1.5,1.32,1.62,1.0,16,0.56055126953125,False,PUT,2025-10-31,17.0,AA
AA251031P00033000,33.0,2.53,1.75,1.88,10.0,24,0.534184345703125,False,PUT,2025-10-31,34.0,AA
AA251031P00034000,34.0,2.6,2.27,2.38,3.0,200,0.5317429638671876,True,PUT,2025-10-31,203.0,AA
AA251031P00035000,35.0,3.04,2.86,2.95,2.0,29,0.5288133056640626,True,PUT,2025-10-31,31.0,AA
AA251031P00036000,36.0,4.35,3.5,3.6,4.0,4,0.5249070947265625,True,PUT,2025-10-31,8.0,AA
AA251031P00039000,39.0,6.25,5.65,5.95,,3,0.55273884765625,True,PUT,2025-10-31,3.0,AA
AA251107C00031000,31.0,2.79,3.85,4.05,,6,0.5585981640625001,True,CALL,2025-11-07,6.0,AA
AA251107C00032000,32.0,3.25,3.25,3.35,3.0,6,0.5478560839843751,True,CALL,2025-11-07,9.0,AA
AA251107C00033000,33.0,2.51,2.71,2.81,3.0,3,0.5483443603515626,True,CALL,2025-11-07,6.0,AA
AA251107C00034000,34.0,2.18,2.24,2.32,25.0,2,0.5468795312500001,False,CALL,2025-11-07,27.0,AA
AA251107C00035000,35.0,1.74,1.79,1.88,3.0,4,0.5395553857421876,False,CALL,2025-11-07,7.0,AA
AA251107C00036000,36.0,1.3,1.42,1.51,3.0,1,0.5346726220703125,False,CALL,2025-11-07,4.0,AA
AA251107C00038000,38.0,0.9,0.0,0.96,1.0,5,0.5429733203125001,False,CALL,2025-11-07,6.0,AA
AA251107P00025000,25.0,0.22,0.0,0.17,20.0,20,0.5195360546875,False,PUT,2025-11-07,40.0,AA
AA251107P00027000,27.0,0.33,0.0,0.33,1.0,1,0.5654340332031251,False,PUT,2025-11-07,2.0,AA
AA251107P00029000,29.0,0.88,0.0,0.67,10.0,10,0.5537154003906251,False,PUT,2025-11-07,20.0,AA
AA251107P00030000,30.0,1.18,0.0,0.92,19.0,19,0.5498091894531252,False,PUT,2025-11-07,38.0,AA
AA251107P00031000,31.0,1.27,0.0,1.39,1.0,41,0.586918193359375,False,PUT,2025-11-07,42.0,AA
AA251107P00032000,32.0,2.2,1.51,1.73,3.0,3,0.5454147021484376,False,PUT,2025-11-07,6.0,AA
AA251107P00033000,33.0,1.73,1.95,2.03,5.0,1,0.52539537109375,False,PUT,2025-11-07,6.0,AA
AA251107P00034000,34.0,3.11,2.46,2.68,2.0,2,0.5380905566406251,True,PUT,2025-11-07,4.0,AA
AA251107P00035000,35.0,4.5,3.0,3.1,,10,0.5131884619140624,True,PUT,2025-11-07,10.0,AA
AA251121C00025000,25.0,8.93,8.9,9.05,4.0,41,0.5976602734375001,True,CALL,2025-11-21,45.0,AA
AA251121C00030000,30.0,4.85,4.9,5.0,237.0,1225,0.5610395458984375,True,CALL,2025-11-21,1462.0,AA
AA251121C00035000,35.0,2.12,2.16,2.21,352.0,13083,0.532231240234375,False,CALL,2025-11-21,13435.0,AA
AA251121C00040000,40.0,0.73,0.71,0.78,64.0,864,0.508793974609375,False,CALL,2025-11-21,928.0,AA
AA251121P00025000,25.0,0.22,0.2,0.23,16.0,2213,0.5468795312500001,False,PUT,2025-11-21,2229.0,AA
AA251121P00030000,30.0,1.15,1.07,1.11,48.0,1906,0.5151415673828125,False,PUT,2025-11-21,1954.0,AA
AA251121P00035000,35.0,3.45,3.3,3.4,52.0,259,0.5004932763671875,True,PUT,2025-11-21,311.0,AA
AA251121P00040000,40.0,7.87,6.9,7.0,7.0,36,0.4887746435546876,True,PUT,2025-11-21,43.0,AA
AA251219C00025000,25.0,8.14,9.2,9.35,5.0,15,0.5937540625000001,True,CALL,2025-12-19,20.0,AA
AA251219C00030000,30.0,5.3,5.35,5.45,2.0,21,0.5400436621093752,True,CALL,2025-12-19,23.0,AA
AA251219C00035000,35.0,2.56,2.69,2.72,44.0,390,0.5139208764648437,False,CALL,2025-12-19,434.0,AA
AA251219C00040000,40.0,1.17,1.06,1.18,46.0,677,0.4995167236328125,False,CALL,2025-12-19,723.0,AA
AA251219P00025000,25.0,0.36,0.35,0.59,16.0,56,0.5483443603515626,False,PUT,2025-12-19,72.0,AA
AA251219P00030000,30.0,1.48,1.34,1.47,20.0,424,0.49170430175781255,False,PUT,2025-12-19,444.0,AA
AA251219P00035000,35.0,3.9,3.7,3.8,16.0,45,0.4770560107421875,True,PUT,2025-12-19,61.0,AA
AA260116C00025000,25.0,9.5,9.4,9.6,9.0,1226,0.5717816259765626,True,CALL,2026-01-16,1235.0,AA
AA260116C00030000,30.0,5.8,5.75,5.85,42.0,3458,0.5297898583984376,True,CALL,2026-01-16,3500.0,AA
AA260116C00035000,35.0,3.15,3.1,3.2,190.0,10285,0.5039112109375,False,CALL,2026-01-16,10475.0,AA
AA260116C00040000,40.0,1.49,1.54,1.59,92.0,4890,0.49609878906250005,False,CALL,2026-01-16,4982.0,AA
AA260116P00025000,25.0,0.56,0.54,0.6,6.0,9831,0.5029346582031251,False,PUT,2026-01-16,9837.0,AA
AA260116P00030000,30.0,1.83,1.74,1.82,658.0,11190,0.4809622216796875,False,PUT,2026-01-16,11848.0,AA
AA260116P00035000,35.0,4.2,4.05,4.2,5.0,2857,0.4660697924804688,True,PUT,2026-01-16,2862.0,AA
AA260116P00040000,40.0,7.63,7.5,7.6,5.0,2234,0.44605046142578125,True,PUT,2026-01-16,2239.0,AA
AA260320C00025000,25.0,9.89,10.05,10.4,4.0,667,0.586918193359375,True,CALL,2026-03-20,671.0,AA
AA260320C00030000,30.0,6.58,6.55,6.7,2.0,1063,0.524418818359375,True,CALL,2026-03-20,1065.0,AA
AA260320C00035000,35.0,3.95,4.0,4.15,88.0,2849,0.5019581054687501,False,CALL,2026-03-20,2937.0,AA
AA260320C00040000,40.0,2.25,2.31,2.44,22.0,10911,0.49561051269531253,False,CALL,2026-03-20,10933.0,AA
AA260320P00025000,25.0,1.03,0.96,1.24,20.0,6388,0.5073291455078125,False,PUT,2026-03-20,6408.0,AA
AA260320P00030000,30.0,2.48,2.43,2.66,12.0,1920,0.48828636718750007,False,PUT,2026-03-20,1932.0,AA
AA260320P00035000,35.0,4.95,4.8,4.9,7.0,511,0.44751529052734373,True,PUT,2026-03-20,518.0,AA
AA260320P00040000,40.0,9.4,7.95,8.15,7.0,393,0.42358974853515624,True,PUT,2026-03-20,400.0,AA
AA260417C00025000,25.0,9.35,10.25,10.45,1.0,11,0.5637250659179689,True,CALL,2026-04-17,12.0,AA
AA260417C00030000,30.0,6.2,6.9,7.05,1.0,60,0.5262498547363281,True,CALL,2026-04-17,61.0,AA
AA260417C00035000,35.0,4.3,4.4,4.55,13.0,176,0.50586431640625,False,CALL,2026-04-17,189.0,AA
AA260417C00040000,40.0,2.58,2.65,2.76,9.0,144,0.49341326904296884,False,CALL,2026-04-17,153.0,AA
AA260417P00025000,25.0,1.47,0.96,1.23,1.0,57,0.49268085449218757,False,PUT,2026-04-17,58.0,AA
AA260417P00030000,30.0,3.1,2.7,2.79,3.0,127,0.46802289794921875,False,PUT,2026-04-17,130.0,AA
AA260417P00035000,35.0,5.2,5.05,5.2,2.0,6,0.445318046875,True,PUT,2026-04-17,8.0,AA
AA260618C00025000,25.0,10.55,10.7,10.8,3.0,1663,0.5451705639648439,True,CALL,2026-06-18,1666.0,AA
AA260618C00030000,30.0,7.4,7.5,7.55,52.0,987,0.5144091528320311,True,CALL,2026-06-18,1039.0,AA
AA260618C00035000,35.0,5.05,5.0,5.15,25.0,691,0.5017139672851563,False,CALL,2026-06-18,716.0,AA
AA260618C00040000,40.0,3.15,3.2,3.3,4.0,2922,0.4802298071289062,False,CALL,2026-06-18,2926.0,AA
AA260618P00025000,25.0,1.56,1.5,1.58,2.0,3635,0.47949739257812496,False,PUT,2026-06-18,3637.0,AA
AA260618P00030000,30.0,3.6,3.2,3.25,14.0,485,0.45483943603515625,False,PUT,2026-06-18,499.0,AA
AA260618P00035000,35.0,6.39,5.55,5.7,132.0,2039,0.4332332067871094,True,PUT,2026-06-18,2171.0,AA
AA260618P00040000,40.0,9.42,8.7,8.85,1.0,1120,0.4096738720703125,True,PUT,2026-06-18,1121.0,AA
AA260918C00025000,25.0,10.75,11.3,11.5,2.0,12,0.5395553857421876,True,CALL,2026-09-18,14.0,AA
AA260918C00030000,30.0,7.6,8.3,8.45,1.0,180,0.514653291015625,True,CALL,2026-09-18,181.0,AA
AA260918C00035000,35.0,5.73,5.85,6.0,1.0,378,0.49670913452148446,False,CALL,2026-09-18,379.0,AA
AA260918C00040000,40.0,3.0,4.0,4.15,1.0,29,0.47852083984375,False,CALL,2026-09-18,30.0,AA
AA260918P00025000,25.0,2.29,1.82,2.05,2.0,1505,0.46619186157226566,False,PUT,2026-09-18,1507.0,AA
AA260918P00030000,30.0,4.11,3.75,3.85,2.0,174,0.4425104577636719,False,PUT,2026-09-18,176.0,AA
AA260918P00035000,35.0,7.2,6.15,6.3,1.0,134,0.4184628466796875,True,PUT,2026-09-18,135.0,AA
AA260918P00040000,40.0,11.65,9.8,9.95,14.0,15,0.4382380395507813,True,PUT,2026-09-18,29.0,AA
AA261218C00025000,25.0,10.35,11.85,12.1,1.0,44,0.5351608984375,True,CALL,2026-12-18,45.0,AA
AA261218C00030000,30.0,10.0,8.95,9.15,102.0,269,0.5102588037109376,True,CALL,2026-12-18,371.0,AA
AA261218C00035000,35.0,5.35,6.6,6.8,7.0,255,0.4979298254394532,False,CALL,2026-12-18,262.0,AA
AA261218C00040000,40.0,4.8,4.75,4.9,105.0,680,0.4776663562011719,False,CALL,2026-12-18,785.0,AA
AA261218P00025000,25.0,2.54,2.39,2.49,3.0,725,0.4587456469726563,False,PUT,2026-12-18,728.0,AA
AA261218P00030000,30.0,4.4,4.35,4.4,1.0,776,0.4364070031738281,False,PUT,2026-12-18,777.0,AA
AA261218P00035000,35.0,7.66,6.75,6.9,2.0,167,0.414068359375,True,PUT,2026-12-18,169.0,AA
AA261218P00040000,40.0,12.15,10.3,10.5,3.0,177,0.4285945812988281,True,PUT,2026-12-18,180.0,AA
AA270115C00025000,25.0,11.8,11.65,12.2,5.0,528,0.514653291015625,True,CALL,2027-01-15,533.0,AA
AA270115C00030000,30.0,9.13,9.0,9.4,21.0,1130,0.5059863854980469,True,CALL,2027-01-15,1151.0,AA
AA270115C00035000,35.0,5.7,6.8,7.05,1.0,899,0.4997608618164063,False,CALL,2027-01-15,900.0,AA
AA270115C00040000,40.0,4.89,4.8,5.2,1.0,1619,0.48291532714843755,False,CALL,2027-01-15,1620.0,AA
AA270115P00025000,25.0,2.65,2.5,2.63,2.0,2407,0.4580132324218751,False,PUT,2027-01-15,2409.0,AA
AA270115P00030000,30.0,4.88,4.4,4.6,13.0,5175,0.4379939013671875,False,PUT,2027-01-15,5188.0,AA
AA270115P00035000,35.0,7.57,6.8,7.05,3.0,2966,0.4116269775390625,True,PUT,2027-01-15,2969.0,AA
AA270115P00040000,40.0,12.81,10.35,10.65,4.0,50,0.42566492309570314,True,PUT,2027-01-15,54.0,AA
AA280121C00025000,25.0,12.97,13.45,14.2,1.0,2,0.5114794946289063,True,CALL,2028-01-21,3.0,AA
AA280121C00030000,30.0,11.25,11.4,11.6,10.0,42,0.5070850073242188,True,CALL,2028-01-21,52.0,AA
AA280121C00035000,35.0,9.05,9.25,9.5,6.0,13,0.4986622399902344,False,CALL,2028-01-21,19.0,AA
AA280121C00040000,40.0,7.4,7.45,7.75,1.0,12,0.4867605035400391,False,CALL,2028-01-21,13.0,AA
AA280121P00025000,25.0,4.14,3.8,4.05,1.0,2,0.43884838500976564,False,PUT,2028-01-21,3.0,AA
AA280121P00030000,30.0,6.41,5.9,6.2,2.0,99,0.4162656030273437,False,PUT,2028-01-21,101.0,AA
AA280121P00035000,35.0,9.09,8.45,8.75,2.0,12,0.3931945446777344,True,PUT,2028-01-21,14.0,AA
AAL251003C00008500,8.5,2.88,2.86,4.25,1.0,2,3.5429698925781246,True,CALL,2025-10-03,3.0,AAL
AAL251003C00009000,9.0,2.31,2.37,2.44,7.0,27,1.0000000000000003e-05,True,CALL,2025-10-03,34.0,AAL
AAL251003C00009500,9.5,1.77,1.9,1.94,2.0,11,1.0000000000000003e-05,True,CALL,2025-10-03,13.0,AAL
AAL251003C00010000,10.0,1.35,1.37,1.73,1.0,36,0.8828136718749999,True,CALL,2025-10-03,37.0,AAL
AAL251003C00010500,10.5,0.92,0.91,0.95,65.0,147,1.0000000000000003e-05,True,CALL,2025-10-03,212.0,AAL
AAL251003C00011000,11.0,0.45,0.45,0.47,1274.0,993,1.0000000000000003e-05,True,CALL,2025-10-03,2267.0,AAL
AAL251003C00011500,11.5,0.14,0.13,0.14,7658.0,4071,0.257819921875,True,CALL,2025-10-03,11729.0,AAL
AAL251003C00012000,12.0,0.03,0.02,0.03,8504.0,8956,0.3242255078124999,False,CALL,2025-10-03,17460.0,AAL
AAL251003C00012500,12.5,0.01,0.01,0.02,688.0,5931,0.476567734375,False,CALL,2025-10-03,6619.0,AAL
AAL251003C00013000,13.0,0.02,0.01,0.02,1030.0,7109,0.6093789062500001,False,CALL,2025-10-03,8139.0,AAL
AAL251003C00013500,13.5,0.01,0.01,0.02,321.0,2043,0.7500025,False,CALL,2025-10-03,2364.0,AAL
AAL251003C00014000,14.0,0.01,0.0,0.01,16.0,1854,0.7500025,False,CALL,2025-10-03,1870.0,AAL
AAL251003C00014500,14.5,0.03,0.0,0.01,81.0,673,0.87500125,False,CALL,2025-10-03,754.0,AAL
AAL251003P00008500,8.5,0.03,0.0,0.33,1.0,2,2.2656293359374997,False,PUT,2025-10-03,3.0,AAL
AAL251003P00009000,9.0,0.01,0.0,0.31,5.0,6,1.9062504687500001,False,PUT,2025-10-03,11.0,AAL
AAL251003P00009500,9.5,0.03,0.0,0.01,10.0,10,0.7500025,False,PUT,2025-10-03,20.0,AAL
AAL251003P00010000,10.0,0.01,0.0,0.01,46.0,56,0.5625043750000001,False,PUT,2025-10-03,102.0,AAL
AAL251003P00010500,10.5,0.01,0.01,0.02,265.0,257,0.523442265625,False,PUT,2025-10-03,522.0,AAL
AAL251003P00011000,11.0,0.04,0.04,0.05,1617.0,3589,0.4062559375,False,PUT,2025-10-03,5206.0,AAL
AAL251003P00011500,11.5,0.21,0.21,0.22,2053.0,18118,0.414068359375,False,PUT,2025-10-03,20171.0,AAL
AAL251003P00012000,12.0,0.65,0.59,0.63,320.0,9768,0.5468795312500001,True,PUT,2025-10-03,10088.0,AAL
AAL251003P00012500,12.5,1.07,1.02,1.11,131.0,4798,0.6718782812500002,True,PUT,2025-10-03,4929.0,AAL
AAL251003P00013000,13.0,1.68,1.58,1.62,15.0,610,0.98437515625,True,PUT,2025-10-03,625.0,AAL
AAL251003P00013500,13.5,2.21,2.05,2.12,62.0,297,1.125004375,True,PUT,2025-10-03,359.0,AAL
AAL251003P00014000,14.0,2.65,2.54,2.62,3.0,27,1.2812535937499998,True,PUT,2025-10-03,30.0,AAL
AAL251003P00014500,14.5,2.4,3.05,3.45,1.0,1,1.99609376953125,True,PUT,2025-10-03,2.0,AAL
AAL251010C00008500,8.5,3.25,2.89,3.1,1.0,2,1.2500037499999999,True,CALL,2025-10-10,3.0,AAL
AAL251010C00009000,9.0,2.43,2.41,2.53,4.0,28,0.7812521875,True,CALL,2025-10-10,32.0,AAL
AAL251010C00009500,9.5,1.96,1.89,1.98,3.0,25,1.0000000000000003e-05,True,CALL,2025-10-10,28.0,AAL
AAL251010C00010000,10.0,1.4,1.44,1.5,4.0,85,1.0000000000000003e-05,True,CALL,2025-10-10,89.0,AAL
AAL251010C00010500,10.5,0.95,1.0,1.04,4.0,62,0.38672488281249995,True,CALL,2025-10-10,66.0,AAL
AAL251010C00011000,11.0,0.6,0.62,0.65,379.0,356,0.41797457031249996,True,CALL,2025-10-10,735.0,AAL
AAL251010C00011500,11.5,0.35,0.35,0.37,1016.0,761,0.4414118359375,True,CALL,2025-10-10,1777.0,AAL
AAL251010C00012000,12.0,0.18,0.17,0.18,3200.0,4108,0.44336494140625,False,CALL,2025-10-10,7308.0,AAL
AAL251010C00012500,12.5,0.08,0.07,0.08,602.0,2129,0.45313046875,False,CALL,2025-10-10,2731.0,AAL
AAL251010C00013000,13.0,0.03,0.03,0.04,464.0,4173,0.48438015625,False,CALL,2025-10-10,4637.0,AAL
AAL251010C00013500,13.5,0.03,0.02,0.03,127.0,1440,0.5312546875,False,CALL,2025-10-10,1567.0,AAL
AAL251010C00014000,14.0,0.02,0.01,0.02,55.0,714,0.57812921875,False,CALL,2025-10-10,769.0,AAL
AAL251010C00014500,14.5,0.01,0.0,0.09,309.0,850,0.804689453125,False,CALL,2025-10-10,1159.0,AAL
AAL251010P00008500,8.5,0.01,0.0,0.75,,1,1.9453127734375002,False,PUT,2025-10-10,1.0,AAL
AAL251010P00009000,9.0,0.01,0.0,0.07,2.0,21,0.8437515624999999,False,PUT,2025-10-10,23.0,AAL
AAL251010P00009500,9.5,0.03,0.0,0.09,4.0,19,0.726565234375,False,PUT,2025-10-10,23.0,AAL
AAL251010P00010000,10.0,0.04,0.03,0.04,159.0,828,0.5390671093750001,False,PUT,2025-10-10,987.0,AAL
AAL251010P00010500,10.5,0.09,0.08,0.09,413.0,3275,0.507817421875,False,PUT,2025-10-10,3688.0,AAL
AAL251010P00011000,11.0,0.2,0.2,0.21,1305.0,2621,0.5039112109375,False,PUT,2025-10-10,3926.0,AAL
AAL251010P00011500,11.5,0.43,0.42,0.43,109.0,9082,0.5136767382812499,False,PUT,2025-10-10,9191.0,AAL
AAL251010P00012000,12.0,0.76,0.73,0.78,88.0,4752,0.5488326367187502,True,PUT,2025-10-10,4840.0,AAL
AAL251010P00012500,12.5,1.17,1.13,1.16,90.0,2579,0.5742230078125,True,PUT,2025-10-10,2669.0,AAL
AAL251010P00013000,13.0,1.7,1.59,1.63,32.0,364,0.6562534375000001,True,PUT,2025-10-10,396.0,AAL
AAL251010P00013500,13.5,2.19,2.05,2.14,1.0,160,0.7500025,True,PUT,2025-10-10,161.0,AAL
AAL251010P00014000,14.0,2.66,2.55,2.64,2.0,79,0.8632826171875,True,PUT,2025-10-10,81.0,AAL
AAL251010P00014500,14.5,2.85,3.05,3.15,,1,0.98437515625,True,PUT,2025-10-10,1.0,AAL
AAL251017C00008500,8.5,2.84,2.89,2.98,1.0,8,1.0000000000000003e-05,True,CALL,2025-10-17,9.0,AAL
AAL251017C00009000,9.0,2.48,2.43,2.49,1.0,172,1.0000000000000003e-05,True,CALL,2025-10-17,173.0,AAL
AAL251017C00009500,9.5,1.89,1.95,1.99,12.0,47,1.0000000000000003e-05,True,CALL,2025-10-17,59.0,AAL
AAL251017C00010000,10.0,1.35,1.48,1.53,26.0,1503,0.4101621484375,True,CALL,2025-10-17,1529.0,AAL
AAL251017C00010500,10.5,1.0,1.06,1.12,7.0,12,0.45508357421875,True,CALL,2025-10-17,19.0,AAL
AAL251017C00011000,11.0,0.73,0.71,0.75,59.0,3028,0.44727115234375,True,CALL,2025-10-17,3087.0,AAL
AAL251017C00011500,11.5,0.44,0.45,0.46,751.0,699,0.43945873046875,True,CALL,2025-10-17,1450.0,AAL
AAL251017C00012000,12.0,0.26,0.26,0.28,1327.0,10157,0.45898978515625005,False,CALL,2025-10-17,11484.0,AAL
AAL251017C00012500,12.5,0.15,0.14,0.15,1071.0,1280,0.45703667968750006,False,CALL,2025-10-17,2351.0,AAL
AAL251017C00013000,13.0,0.07,0.07,0.08,501.0,21657,0.46484910156250003,False,CALL,2025-10-17,22158.0,AAL
AAL251017C00013500,13.5,0.05,0.04,0.05,83.0,1635,0.49609878906250005,False,CALL,2025-10-17,1718.0,AAL
AAL251017C00014000,14.0,0.03,0.02,0.03,317.0,26146,0.500005,False,CALL,2025-10-17,26463.0,AAL
AAL251017C00014500,14.5,0.05,0.0,0.04,1.0,73,0.5468795312500001,False,CALL,2025-10-17,74.0,AAL
AAL251017P00009000,9.0,0.01,0.0,0.04,2.0,5198,0.5937540625000001,False,PUT,2025-10-17,5200.0,AAL
AAL251017P00009500,9.5,0.05,0.03,0.04,176.0,37,0.5468795312500001,False,PUT,2025-10-17,213.0,AAL
AAL251017P00010000,10.0,0.07,0.06,0.08,1679.0,14253,0.5117236328125,False,PUT,2025-10-17,15932.0,AAL
AAL251017P00010500,10.5,0.15,0.14,0.15,1815.0,2510,0.49805189453125004,False,PUT,2025-10-17,4325.0,AAL
AAL251017P00011000,11.0,0.29,0.28,0.29,1541.0,21085,0.49023947265625006,False,PUT,2025-10-17,22626.0,AAL
AAL251017P00011500,11.5,0.52,0.51,0.54,1935.0,2905,0.5019581054687501,False,PUT,2025-10-17,4840.0,AAL
AAL251017P00012000,12.0,0.83,0.82,0.85,336.0,34498,0.5136767382812499,True,PUT,2025-10-17,34834.0,AAL
AAL251017P00012500,12.5,1.22,1.19,1.22,74.0,366,0.523442265625,True,PUT,2025-10-17,440.0,AAL
AAL251017P00013000,13.0,1.66,1.63,1.67,17.0,6922,0.5742230078125,True,PUT,2025-10-17,6939.0,AAL
AAL251017P00013500,13.5,2.22,2.08,2.14,40.0,2,0.6152382226562501,True,PUT,2025-10-17,42.0,AAL
AAL251017P00014000,14.0,2.74,2.58,2.64,3.0,676,0.7070341796875,True,PUT,2025-10-17,679.0,AAL
AAL251017P00014500,14.5,3.08,3.05,3.15,,4,0.773439765625,True,PUT,2025-10-17,4.0,AAL
AAL251024C00009000,9.0,2.4,2.48,2.53,2.0,41,0.5312546875,True,CALL,2025-10-24,43.0,AAL
AAL251024C00009500,9.5,1.95,2.01,2.05,4.0,25,0.49219257812500006,True,CALL,2025-10-24,29.0,AAL
AAL251024C00010000,10.0,1.61,1.55,1.62,102.0,329,0.5117236328125,True,CALL,2025-10-24,431.0,AAL
AAL251024C00010500,10.5,1.07,1.19,1.23,20.0,88,0.5117236328125,True,CALL,2025-10-24,108.0,AAL
AAL251024C00011000,11.0,0.86,0.87,0.9,6.0,225,0.500005,True,CALL,2025-10-24,231.0,AAL
AAL251024C00011500,11.5,0.63,0.61,0.64,317.0,70,0.507817421875,True,CALL,2025-10-24,387.0,AAL
AAL251024C00012000,12.0,0.42,0.41,0.43,189.0,1021,0.5097705273437501,False,CALL,2025-10-24,1210.0,AAL
AAL251024C00012500,12.5,0.27,0.26,0.29,916.0,772,0.5136767382812499,False,CALL,2025-10-24,1688.0,AAL
AAL251024C00013000,13.0,0.17,0.17,0.18,152.0,1766,0.51758294921875,False,CALL,2025-10-24,1918.0,AAL
AAL251024C00013500,13.5,0.11,0.11,0.12,99.0,885,0.5312546875,False,CALL,2025-10-24,984.0,AAL
AAL251024C00014000,14.0,0.07,0.07,0.08,89.0,714,0.5429733203125001,False,CALL,2025-10-24,803.0,AAL
AAL251024C00014500,14.5,0.05,0.04,0.06,11.0,515,0.5585981640625001,False,CALL,2025-10-24,526.0,AAL
AAL251024P00008500,8.5,0.02,0.0,0.75,,5,1.3222690136718749,False,PUT,2025-10-24,5.0,AAL
AAL251024P00009000,9.0,0.06,0.04,0.06,63.0,347,0.6171913281250001,False,PUT,2025-10-24,410.0,AAL
AAL251024P00009500,9.5,0.09,0.08,0.1,40.0,1602,0.5898478515625001,False,PUT,2025-10-24,1642.0,AAL
AAL251024P00010000,10.0,0.15,0.15,0.16,220.0,2343,0.5664105859375,False,PUT,2025-10-24,2563.0,AAL
AAL251024P00010500,10.5,0.27,0.26,0.28,299.0,1435,0.5585981640625001,False,PUT,2025-10-24,1734.0,AAL
AAL251024P00011000,11.0,0.43,0.42,0.43,1433.0,2842,0.5400436621093752,False,PUT,2025-10-24,4275.0,AAL
AAL251024P00011500,11.5,0.69,0.65,0.69,193.0,2406,0.5488326367187502,False,PUT,2025-10-24,2599.0,AAL
AAL251024P00012000,12.0,1.01,0.95,0.99,31.0,1116,0.5556685058593751,True,PUT,2025-10-24,1147.0,AAL
AAL251024P00012500,12.5,1.35,1.3,1.35,11.0,1279,0.5644574804687501,True,PUT,2025-10-24,1290.0,AAL
AAL251024P00013000,13.0,1.78,1.7,1.76,36.0,300,0.5839885351562499,True,PUT,2025-10-24,336.0,AAL
AAL251024P00013500,13.5,2.26,2.14,2.19,54.0,5,0.6054726953125001,True,PUT,2025-10-24,59.0,AAL
AAL251024P00014000,14.0,2.76,2.59,2.71,1.0,9,0.6679720703125002,True,PUT,2025-10-24,10.0,AAL
AAL251024P00014500,14.5,1.72,3.05,3.15,,4,0.6679720703125002,True,PUT,2025-10-24,4.0,AAL
AAL251031C00009500,9.5,1.96,2.05,2.1,5.0,27,0.5390671093750001,True,CALL,2025-10-31,32.0,AAL
AAL251031C00010000,10.0,1.63,1.61,1.72,30.0,47,0.5136767382812499,True,CALL,2025-10-31,77.0,AAL
AAL251031C00010500,10.5,1.25,1.25,1.31,10.0,27,0.5039112109375,True,CALL,2025-10-31,37.0,AAL
AAL251031C00011000,11.0,0.94,0.94,0.97,260.0,47,0.5019581054687501,True,CALL,2025-10-31,307.0,AAL
AAL251031C00011500,11.5,0.68,0.67,0.71,416.0,4310,0.500005,True,CALL,2025-10-31,4726.0,AAL
AAL251031C00012000,12.0,0.48,0.47,0.5,211.0,670,0.5019581054687501,False,CALL,2025-10-31,881.0,AAL
AAL251031C00012500,12.5,0.32,0.32,0.35,491.0,4601,0.506840869140625,False,CALL,2025-10-31,5092.0,AAL
AAL251031C00013000,13.0,0.21,0.21,0.22,583.0,493,0.500005,False,CALL,2025-10-31,1076.0,AAL
AAL251031C00013500,13.5,0.16,0.14,0.16,153.0,386,0.51562984375,False,CALL,2025-10-31,539.0,AAL
AAL251031C00014000,14.0,0.1,0.1,0.11,57.0,751,0.5293015820312501,False,CALL,2025-10-31,808.0,AAL
AAL251031C00014500,14.5,0.08,0.05,0.08,3.0,180,0.5273484765625001,False,CALL,2025-10-31,183.0,AAL
AAL251031P00008500,8.5,0.06,0.04,0.06,12.0,126,0.648441015625,False,PUT,2025-10-31,138.0,AAL
AAL251031P00009000,9.0,0.07,0.06,0.08,438.0,92,0.5937540625000001,False,PUT,2025-10-31,530.0,AAL
AAL251031P00009500,9.5,0.12,0.11,0.13,101.0,733,0.570316796875,False,PUT,2025-10-31,834.0,AAL
AAL251031P00010000,10.0,0.21,0.19,0.21,177.0,325,0.5546919531250001,False,PUT,2025-10-31,502.0,AAL
AAL251031P00010500,10.5,0.33,0.31,0.34,143.0,768,0.5449264257812501,False,PUT,2025-10-31,911.0,AAL
AAL251031P00011000,11.0,0.52,0.49,0.52,378.0,1893,0.5400436621093752,False,PUT,2025-10-31,2271.0,AAL
AAL251031P00011500,11.5,0.72,0.72,0.75,40.0,869,0.53320779296875,False,PUT,2025-10-31,909.0,AAL
AAL251031P00012000,12.0,1.08,1.01,1.03,45.0,20781,0.5283250292968751,True,PUT,2025-10-31,20826.0,AAL
AAL251031P00012500,12.5,1.43,1.36,1.39,5.0,2645,0.5390671093750001,True,PUT,2025-10-31,2650.0,AAL
AAL251031P00013000,13.0,1.86,1.75,1.79,10.0,209,0.5507857421875001,True,PUT,2025-10-31,219.0,AAL
AAL251031P00013500,13.5,1.67,2.06,2.26,4.0,5,0.5273484765625001,True,PUT,2025-10-31,9.0,AAL
AAL251031P00014000,14.0,2.7,2.59,2.67,5.0,20,0.5625043750000001,True,PUT,2025-10-31,25.0,AAL
AAL251031P00014500,14.5,2.15,3.05,3.2,,40,0.62305064453125,True,PUT,2025-10-31,40.0,AAL
AAL251107C00009500,9.5,2.14,2.05,2.24,,1,0.5507857421875001,True,CALL,2025-11-07,1.0,AAL
AAL251107C00010000,10.0,1.63,1.68,1.72,10.0,17,0.5039112109375,True,CALL,2025-11-07,27.0,AAL
AAL251107C00010500,10.5,1.33,1.31,1.37,5.0,5,0.50586431640625,True,CALL,2025-11-07,10.0,AAL
AAL251107C00011000,11.0,0.98,0.99,1.02,7.0,14,0.5009815527343751,True,CALL,2025-11-07,21.0,AAL
AAL251107C00011500,11.5,0.74,0.73,0.76,71.0,92,0.5009815527343751,True,CALL,2025-11-07,163.0,AAL
AAL251107C00012000,12.0,0.5,0.52,0.55,31.0,412,0.500005,False,CALL,2025-11-07,443.0,AAL
AAL251107C00012500,12.5,0.35,0.37,0.39,15.0,40,0.500005,False,CALL,2025-11-07,55.0,AAL
AAL251107C00013000,13.0,0.26,0.26,0.28,23.0,32,0.500005,False,CALL,2025-11-07,55.0,AAL
AAL251107C00013500,13.5,0.19,0.17,0.19,148.0,24,0.507817421875,False,CALL,2025-11-07,172.0,AAL
AAL251107C00014500,14.5,0.11,0.05,0.11,,3,0.5039112109375,False,CALL,2025-11-07,3.0,AAL
AAL251107P00008500,8.5,0.05,0.05,0.07,2.0,51,0.6132851171875001,False,PUT,2025-11-07,53.0,AAL
AAL251107P00009000,9.0,0.1,0.08,0.11,114.0,138,0.5820354296875,False,PUT,2025-11-07,252.0,AAL
AAL251107P00009500,9.5,0.2,0.13,0.17,10.0,2,0.5585981640625001,False,PUT,2025-11-07,12.0,AAL
AAL251107P00010000,10.0,0.24,0.22,0.25,168.0,28,0.5371140039062501,False,PUT,2025-11-07,196.0,AAL
AAL251107P00010500,10.5,0.39,0.35,0.38,22.0,64,0.526371923828125,False,PUT,2025-11-07,86.0,AAL
AAL251107P00011000,11.0,0.56,0.52,0.55,155.0,267,0.5117236328125,False,PUT,2025-11-07,422.0,AAL
AAL251107P00011500,11.5,0.79,0.76,0.79,36.0,139,0.5107470800781251,False,PUT,2025-11-07,175.0,AAL
AAL251107P00012000,12.0,1.14,1.05,1.09,7.0,547,0.5136767382812499,True,PUT,2025-11-07,554.0,AAL
AAL251107P00012500,12.5,1.5,1.39,1.43,9.0,101,0.514653291015625,True,PUT,2025-11-07,110.0,AAL
AAL251107P00013000,13.0,1.86,1.78,1.81,51.0,117,0.5214891601562499,True,PUT,2025-11-07,168.0,AAL
AAL251107P00013500,13.5,2.15,2.12,2.25,,40,0.5039112109375,True,PUT,2025-11-07,40.0,AAL
AAL251107P00014000,14.0,2.69,2.63,2.74,,1,0.5722699023437501,True,PUT,2025-11-07,1.0,AAL
AAL251121C00009000,9.0,2.55,2.54,2.63,9.0,147,0.5488326367187502,True,CALL,2025-11-21,156.0,AAL
AAL251121C00010000,10.0,1.7,1.74,1.78,33.0,1535,0.499028447265625,True,CALL,2025-11-21,1568.0,AAL
AAL251121C00011000,11.0,1.11,1.09,1.11,694.0,4478,0.485356708984375,True,CALL,2025-11-21,5172.0,AAL
AAL251121C00012000,12.0,0.64,0.62,0.64,3428.0,6007,0.481450498046875,False,CALL,2025-11-21,9435.0,AAL
AAL251121C00013000,13.0,0.34,0.33,0.34,632.0,10066,0.47852083984375,False,CALL,2025-11-21,10698.0,AAL
AAL251121C00014000,14.0,0.18,0.17,0.19,536.0,136980,0.49609878906250005,False,CALL,2025-11-21,137516.0,AAL
AAL251121P00009000,9.0,0.14,0.12,0.13,10.0,6866,0.5429733203125001,False,PUT,2025-11-21,6876.0,AAL
AAL251121P00010000,10.0,0.28,0.28,0.29,3132.0,9378,0.5039112109375,False,PUT,2025-11-21,12510.0,AAL
AAL251121P00011000,11.0,0.62,0.6,0.62,348.0,32164,0.49121602539062503,False,PUT,2025-11-21,32512.0,AAL
AAL251121P00012000,12.0,1.14,1.13,1.14,68.0,26867,0.481450498046875,True,PUT,2025-11-21,26935.0,AAL
AAL251121P00013000,13.0,1.85,1.84,1.86,43.0,30738,0.49219257812500006,True,PUT,2025-11-21,30781.0,AAL
AAL251121P00014000,14.0,2.79,2.68,2.73,4.0,1172,0.5097705273437501,True,PUT,2025-11-21,1176.0,AAL
AAL251219C00009000,9.0,2.75,2.65,2.73,14.0,493,0.5019581054687501,True,CALL,2025-12-19,507.0,AAL
AAL251219C00010000,10.0,1.9,1.88,1.93,254.0,7990,0.49707534179687507,True,CALL,2025-12-19,8244.0,AAL
AAL251219C00011000,11.0,1.24,1.25,1.28,521.0,2895,0.47559118164062497,True,CALL,2025-12-19,3416.0,AAL
AAL251219C00012000,12.0,0.79,0.79,0.8,229.0,8758,0.46484910156250003,False,CALL,2025-12-19,8987.0,AAL
AAL251219C00013000,13.0,0.48,0.48,0.49,1646.0,14131,0.46680220703125,False,CALL,2025-12-19,15777.0,AAL
AAL251219C00014000,14.0,0.28,0.27,0.29,722.0,7247,0.4687553125,False,CALL,2025-12-19,7969.0,AAL
AAL251219P00009000,9.0,0.21,0.18,0.2,21.0,29427,0.5019581054687501,False,PUT,2025-12-19,29448.0,AAL
AAL251219P00010000,10.0,0.38,0.38,0.4,54.0,64096,0.47949739257812496,False,PUT,2025-12-19,64150.0,AAL
AAL251219P00011000,11.0,0.75,0.73,0.75,54.0,15624,0.46191944335937507,False,PUT,2025-12-19,15678.0,AAL
AAL251219P00012000,12.0,1.27,1.26,1.28,1083.0,4181,0.45606012695312503,True,PUT,2025-12-19,5264.0,AAL
AAL251219P00013000,13.0,2.03,1.94,1.98,17.0,18000,0.46191944335937507,True,PUT,2025-12-19,18017.0,AAL
AAL251219P00014000,14.0,2.85,2.75,2.8,3.0,1838,0.47559118164062497,True,PUT,2025-12-19,1841.0,AAL
AAL260116C00009000,9.0,2.75,2.74,2.82,9.0,746,0.52539537109375,True,CALL,2026-01-16,755.0,AAL
AAL260116C00010000,10.0,2.04,2.01,2.05,127.0,16322,0.4892629199218751,True,CALL,2026-01-16,16449.0,AAL
AAL260116C00011000,11.0,1.41,1.4,1.43,213.0,3072,0.47363807617187503,True,CALL,2026-01-16,3285.0,AAL
AAL260116C00012000,12.0,0.94,0.93,0.95,2762.0,37114,0.46094289062500005,False,CALL,2026-01-16,39876.0,AAL
AAL260116C00013000,13.0,0.58,0.6,0.62,168.0,7758,0.45898978515625005,False,CALL,2026-01-16,7926.0,AAL
AAL260116C00014000,14.0,0.36,0.38,0.4,72.0,6720,0.46094289062500005,False,CALL,2026-01-16,6792.0,AAL
AAL260116P00009000,9.0,0.26,0.24,0.27,21.0,11981,0.49219257812500006,False,PUT,2026-01-16,12002.0,AAL
AAL260116P00010000,10.0,0.49,0.48,0.5,119.0,69958,0.46484910156250003,False,PUT,2026-01-16,70077.0,AAL
AAL260116P00011000,11.0,0.85,0.84,0.86,2142.0,22546,0.44434149414062496,False,PUT,2026-01-16,24688.0,AAL
AAL260116P00012000,12.0,1.42,1.37,1.4,6.0,58901,0.4414118359375,True,PUT,2026-01-16,58907.0,AAL
AAL260116P00013000,13.0,2.13,2.03,2.07,2.0,3803,0.437505625,True,PUT,2026-01-16,3805.0,AAL
AAL260116P00014000,14.0,2.9,2.82,2.86,1.0,1067,0.4414118359375,True,PUT,2026-01-16,1068.0,AAL
AAL260220C00009000,9.0,2.8,2.91,2.95,1.0,61,0.516606396484375,True,CALL,2026-02-20,62.0,AAL
AAL260220C00010000,10.0,2.15,2.19,2.23,205.0,233,0.5019581054687501,True,CALL,2026-02-20,438.0,AAL
AAL260220C00011000,11.0,1.6,1.59,1.63,13.0,421,0.48438015625,True,CALL,2026-02-20,434.0,AAL
AAL260220C00012000,12.0,1.12,1.13,1.17,28.0,835,0.477544287109375,False,CALL,2026-02-20,863.0,AAL
AAL260220C00013000,13.0,0.75,0.79,0.82,39.0,2130,0.4726615234375,False,CALL,2026-02-20,2169.0,AAL
AAL260220C00014000,14.0,0.5,0.54,0.57,37.0,1027,0.47119669433593747,False,CALL,2026-02-20,1064.0,AAL
AAL260220P00009000,9.0,0.36,0.34,0.36,2035.0,14638,0.47949739257812496,False,PUT,2026-02-20,16673.0,AAL
AAL260220P00010000,10.0,0.64,0.61,0.63,60.0,13090,0.46045461425781253,False,PUT,2026-02-20,13150.0,AAL
AAL260220P00011000,11.0,1.01,0.99,1.03,3022.0,10173,0.44824770507812495,False,PUT,2026-02-20,13195.0,AAL
AAL260220P00012000,12.0,1.55,1.52,1.56,12.0,30644,0.43945873046875,True,PUT,2026-02-20,30656.0,AAL
AAL260220P00013000,13.0,1.82,2.17,2.21,1.0,1828,0.432622861328125,True,PUT,2026-02-20,1829.0,AAL
AAL260220P00014000,14.0,3.0,2.91,2.97,2.0,948,0.43115803222656257,True,PUT,2026-02-20,950.0,AAL
AAL260320C00009000,9.0,2.95,2.99,3.05,6.0,132,0.51562984375,True,CALL,2026-03-20,138.0,AAL
AAL260320C00010000,10.0,2.32,2.29,2.34,16.0,7709,0.5009815527343751,True,CALL,2026-03-20,7725.0,AAL
AAL260320C00011000,11.0,1.65,1.7,1.74,10.0,323,0.47998566894531247,True,CALL,2026-03-20,333.0,AAL
AAL260320C00012000,12.0,1.26,1.25,1.27,61.0,1206,0.4687553125,False,CALL,2026-03-20,1267.0,AAL
AAL260320C00013000,13.0,0.89,0.89,0.91,45.0,14867,0.46191944335937507,False,CALL,2026-03-20,14912.0,AAL
AAL260320C00014000,14.0,0.61,0.63,0.65,86.0,1275,0.459966337890625,False,CALL,2026-03-20,1361.0,AAL
AAL260320P00009000,9.0,0.45,0.4,0.43,1.0,16452,0.47363807617187503,False,PUT,2026-03-20,16453.0,AAL
AAL260320P00010000,10.0,0.71,0.68,0.71,23.0,24918,0.45215391601562505,False,PUT,2026-03-20,24941.0,AAL
AAL260320P00011000,11.0,1.14,1.08,1.11,12.0,23353,0.4370173486328125,False,PUT,2026-03-20,23365.0,AAL
AAL260320P00012000,12.0,1.57,1.59,1.64,2.0,13610,0.42774009765625004,True,PUT,2026-03-20,13612.0,AAL
AAL260320P00013000,13.0,2.28,2.23,2.28,5.0,22069,0.4194393994140625,True,PUT,2026-03-20,22074.0,AAL
AAL260320P00014000,14.0,3.05,2.97,3.05,1.0,301,0.4243221630859375,True,PUT,2026-03-20,302.0,AAL
AAL260515C00009000,9.0,3.08,3.15,3.25,8.0,37,0.5185595019531251,True,CALL,2026-05-15,45.0,AAL
AAL260515C00010000,10.0,2.59,2.5,2.57,8.0,12,0.5097705273437501,True,CALL,2026-05-15,20.0,AAL
AAL260515C00011000,11.0,1.87,1.94,1.99,3.0,66,0.4892629199218751,True,CALL,2026-05-15,69.0,AAL
AAL260515C00012000,12.0,1.4,1.49,1.52,11.0,257,0.476567734375,False,CALL,2026-05-15,268.0,AAL
AAL260515C00013000,13.0,1.13,1.12,1.15,3.0,982,0.4687553125,False,CALL,2026-05-15,985.0,AAL
AAL260515C00014000,14.0,0.85,0.83,0.87,114.0,259,0.46533737792968755,False,CALL,2026-05-15,373.0,AAL
AAL260515P00009000,9.0,0.55,0.53,0.56,1.0,285,0.4643608251953125,False,PUT,2026-05-15,286.0,AAL
AAL260515P00010000,10.0,0.88,0.84,0.87,1.0,1717,0.445318046875,False,PUT,2026-05-15,1718.0,AAL
AAL260515P00011000,11.0,1.34,1.26,1.29,2.0,8566,0.43164630859375,False,PUT,2026-05-15,8568.0,AAL
AAL260515P00012000,12.0,1.82,1.78,1.81,2.0,8910,0.418951123046875,True,PUT,2026-05-15,8912.0,AAL
AAL260515P00013000,13.0,2.4,2.4,2.44,,61,0.4101621484375,True,PUT,2026-05-15,61.0,AAL
AAL260618C00010000,10.0,2.58,2.62,2.66,46.0,37178,0.5009815527343751,True,CALL,2026-06-18,37224.0,AAL
AAL260618C00012000,12.0,1.53,1.59,1.62,77.0,12456,0.46973186523437505,False,CALL,2026-06-18,12533.0,AAL
AAL260618P00010000,10.0,0.94,0.91,0.93,2750.0,59644,0.43408769042968753,False,PUT,2026-06-18,62394.0,AAL
AAL260618P00012000,12.0,1.92,1.82,1.88,35.0,28018,0.40918559570312496,True,PUT,2026-06-18,28053.0,AAL
AAL260918C00010000,10.0,2.87,2.89,2.93,47.0,582,0.500005,True,CALL,2026-09-18,629.0,AAL
AAL260918C00012000,12.0,1.88,1.88,1.92,55.0,5048,0.47119669433593747,False,CALL,2026-09-18,5103.0,AAL
AAL260918P00010000,10.0,1.15,1.09,1.12,2001.0,24592,0.422857333984375,False,PUT,2026-09-18,26593.0,AAL
AAL260918P00012000,12.0,2.15,2.03,2.08,2.0,6811,0.3967345483398438,True,PUT,2026-09-18,6813.0,AAL
AAL261218C00010000,10.0,3.08,3.1,3.25,4.0,1363,0.5019581054687501,True,CALL,2026-12-18,1367.0,AAL
AAL261218C00012000,12.0,2.14,2.16,2.21,49.0,2611,0.47803256347656253,False,CALL,2026-12-18,2660.0,AAL
AAL261218P00010000,10.0,1.3,1.23,1.3,3.0,26602,0.41797457031249996,False,PUT,2026-12-18,26605.0,AAL
AAL261218P00012000,12.0,2.26,2.2,2.26,2.0,9640,0.389654541015625,True,PUT,2026-12-18,9642.0,AAL
AAL270115C00010000,10.0,3.21,3.2,3.3,75.0,13286,0.5034229345703125,True,CALL,2027-01-15,13361.0,AAL
AAL270115C00012000,12.0,2.27,2.25,2.29,145.0,3918,0.47949739257812496,False,CALL,2027-01-15,4063.0,AAL
AAL270115P00010000,10.0,1.36,1.31,1.35,83.0,23174,0.4165097412109374,False,PUT,2027-01-15,23257.0,AAL
AAL270115P00012000,12.0,2.31,2.25,2.31,5.0,18759,0.387701435546875,True,PUT,2027-01-15,18764.0,AAL
AAL271217C00010000,10.0,3.85,3.9,4.05,6.0,3886,0.507817421875,True,CALL,2027-12-17,3892.0,AAL
AAL271217C00013000,13.0,2.64,2.62,2.68,21.0,1735,0.47363807617187503,False,CALL,2027-12-17,1756.0,AAL
AAL271217P00010000,10.0,1.77,1.73,1.8,3.0,12471,0.39453730468750003,False,PUT,2027-12-17,12474.0,AAL
AAL271217P00013000,13.0,3.3,3.25,3.4,193.0,1944,0.35986968261718744,True,PUT,2027-12-17,2137.0,AAL
AAL280121C00010000,10.0,3.9,3.95,4.1,15.0,58,0.5063525927734375,True,CALL,2028-01-21,73.0,AAL
AAL280121C00012000,12.0,3.09,3.05,3.2,68.0,189,0.49414568359375005,False,CALL,2028-01-21,257.0,AAL
AAL280121P00010000,10.0,1.8,1.77,1.86,18.0,23,0.39600213378906257,False,PUT,2028-01-21,41.0,AAL
AAL280121P00012000,12.0,2.79,2.73,2.86,7.0,425,0.370123486328125,True,PUT,2028-01-21,432.0,AAL
